symbol,strike,type,openInterest,impliedVolatility,delta_barchart,gamma_barchart,theta_barchart,vega_barchart,expiration,spot,contract_multiplier
NQ,19500.0,call,49.0,0.7084999999999999,0.9169,0.0,-8.2268,21.0721,2026-12-28,30540.25,20.0
NQ,20000.0,call,1.0,0.6753,0.914,0.0,-8.0794,21.7084,2026-12-28,30540.25,20.0
NQ,20750.0,call,100.0,0.6278,0.9091,0.0,-7.8859,22.7755,2026-12-28,30540.25,20.0
NQ,21500.0,call,3.0,0.5829,0.9033,0.0,-7.7182,23.9871,2026-12-28,30540.25,20.0
NQ,22000.0,call,5.0,0.5540999999999999,0.8989,0.0,-7.6204,24.888,2026-12-28,30540.25,20.0
NQ,22500.0,call,3.0,0.5265,0.894,0.0,-7.5399,25.8855,2026-12-28,30540.25,20.0
NQ,23000.0,call,8.0,0.49979999999999997,0.8884,0.0,-7.4713,26.9807,2026-12-28,30540.25,20.0
NQ,23500.0,call,4.0,0.47409999999999997,0.882,0.0,-7.4191,28.1944,2026-12-28,30540.25,20.0
NQ,24000.0,call,25.0,0.4493,0.8747,0.0,-7.3866,29.5477,2026-12-28,30540.25,20.0
NQ,24500.0,call,6.0,0.4254,0.8664,0.0,-7.3702,31.0483,2026-12-28,30540.25,20.0
NQ,25000.0,call,16.0,0.40259999999999996,0.8566,0.0,-7.38,32.7345,2026-12-28,30540.25,20.0
NQ,25500.0,call,60.0,0.3807,0.8452,0.0,-7.4125,34.6159,2026-12-28,30540.25,20.0
NQ,26000.0,call,148.0,0.35979999999999995,0.8317,0.0,-7.4761,36.7266,2026-12-28,30540.25,20.0
NQ,26250.0,call,5.0,0.34979999999999994,0.8241,0.0,-7.5181,37.8691,2026-12-28,30540.25,20.0
NQ,26500.0,call,23.0,0.34,0.8157,0.0,-7.57,39.0774,2026-12-28,30540.25,20.0
NQ,27000.0,call,273.0,0.3214,0.7967,0.0001,-7.6996,41.6826,2026-12-28,30540.25,20.0
NQ,27250.0,call,38.0,0.3125,0.7858,0.0001,-7.7773,43.0762,2026-12-28,30540.25,20.0
NQ,27500.0,call,40.0,0.3039,0.774,0.0001,-7.8599,44.5191,2026-12-28,30540.25,20.0
NQ,28000.0,call,866.0,0.2875,0.747,0.0001,-8.0508,47.5478,2026-12-28,30540.25,20.0
NQ,28500.0,call,181.0,0.2722,0.7151,0.0001,-8.2581,50.6679,2026-12-28,30540.25,20.0
NQ,28750.0,call,8.0,0.265,0.697,0.0001,-8.3661,52.2214,2026-12-28,30540.25,20.0
NQ,29000.0,call,187.0,0.258,0.6775,0.0001,-8.4737,53.7377,2026-12-28,30540.25,20.0
NQ,29250.0,call,8.0,0.2514,0.6565,0.0001,-8.5804,55.1887,2026-12-28,30540.25,20.0
NQ,29500.0,call,151.0,0.2451,0.6338,0.0001,-8.6831,56.5391,2026-12-28,30540.25,20.0
NQ,29750.0,call,35.0,0.2391,0.6096,0.0001,-8.7785,57.7494,2026-12-28,30540.25,20.0
NQ,30000.0,call,388.0,0.2034,0.5906,0.0001,-7.7815,58.5345,2026-12-28,30540.25,20.0
NQ,30250.0,call,26.0,0.2281,0.5567,0.0001,-8.9356,59.5767,2026-12-28,30540.25,20.0
NQ,30500.0,call,317.0,0.2216,0.528,0.0001,-8.9396,60.1048,2026-12-28,30540.25,20.0
NQ,30750.0,call,139.0,0.2096,0.4968,0.0001,-8.7235,60.3177,2026-12-28,30540.25,20.0
NQ,31000.0,call,768.0,0.19219999999999998,0.4601,0.0001,-8.2955,60.0846,2026-12-28,30540.25,20.0
NQ,31250.0,call,54.0,0.2091,0.4359,0.0001,-8.9796,59.6448,2026-12-28,30540.25,20.0
NQ,31500.0,call,787.0,0.18760000000000002,0.392,0.0001,-8.34,58.261,2026-12-28,30540.25,20.0
NQ,31750.0,call,49.0,0.2039,0.3735,0.0001,-8.9184,57.45,2026-12-28,30540.25,20.0
NQ,32000.0,call,1156.0,0.18359999999999999,0.3255,0.0001,-8.2272,54.6808,2026-12-28,30540.25,20.0
NQ,32250.0,call,87.0,0.183,0.295,0.0001,-8.155,52.415,2026-12-28,30540.25,20.0
NQ,32500.0,call,272.0,0.195,0.2811,0.0001,-8.4869,51.2481,2026-12-28,30540.25,20.0
NQ,32750.0,call,41.0,0.1886,0.2474,0.0001,-8.151,48.041,2026-12-28,30540.25,20.0
NQ,33000.0,call,1805.0,0.1784,0.2085,0.0001,-7.6369,43.6533,2026-12-28,30540.25,20.0
NQ,33250.0,call,440.0,0.1867,0.197,0.0001,-7.7768,42.2114,2026-12-28,30540.25,20.0
NQ,33500.0,call,1385.0,0.187,0.176,0.0001,-7.6052,39.3684,2026-12-28,30540.25,20.0
NQ,33750.0,call,89.0,0.1814,0.1483,0.0001,-7.1996,35.2263,2026-12-28,30540.25,20.0
NQ,34000.0,call,711.0,0.1852,0.1356,0.0001,-7.1407,33.1698,2026-12-28,30540.25,20.0
NQ,34250.0,call,29.0,0.1892,0.1246,0.0001,-7.0844,31.2739,2026-12-28,30540.25,20.0
NQ,34500.0,call,221.0,0.18420000000000003,0.1029,0.0001,-6.6847,27.2939,2026-12-28,30540.25,20.0
NQ,34750.0,call,15.0,0.1789,0.0829,0.0001,-6.2866,23.2751,2026-12-28,30540.25,20.0
NQ,35000.0,call,522.0,0.1795,0.0721,0.0,-6.1138,20.9236,2026-12-28,30540.25,20.0
NQ,35250.0,call,24.0,0.1838,0.0666,0.0,-6.0784,19.6864,2026-12-28,30540.25,20.0
NQ,35500.0,call,600.0,0.1838,0.0573,0.0,-5.9007,17.5056,2026-12-28,30540.25,20.0
NQ,35750.0,call,16.0,0.1848,0.0499,0.0,-5.7633,15.7041,2026-12-28,30540.25,20.0
NQ,36000.0,call,813.0,0.1807,0.039,0.0,-5.48,12.877,2026-12-28,30540.25,20.0
NQ,36250.0,call,7.0,0.18600000000000003,0.0373,0.0,-5.4993,12.4048,2026-12-28,30540.25,20.0
NQ,36500.0,call,133.0,0.1819,0.0287,0.0,-5.2542,9.9897,2026-12-28,30540.25,20.0
NQ,36750.0,call,1.0,0.1909,0.0301,0.0,-5.379,10.4148,2026-12-28,30540.25,20.0
NQ,37000.0,call,257.0,0.1861,0.0226,0.0,-5.1429,8.1883,2026-12-28,30540.25,20.0
NQ,37500.0,call,194.0,0.19260000000000002,0.0192,0.0,-5.1112,7.1276,2026-12-28,30540.25,20.0
NQ,38000.0,call,480.0,0.1956,0.0149,0.0,-5.018,5.7279,2026-12-28,30540.25,20.0
NQ,38500.0,call,37.0,0.19640000000000002,0.0108,0.0,-4.9141,4.3476,2026-12-28,30540.25,20.0
NQ,39000.0,call,275.0,0.1986,0.0082,0.0,-4.8619,3.4107,2026-12-28,30540.25,20.0
NQ,39500.0,call,228.0,0.2009,0.0062,0.0,-4.8318,2.6827,2026-12-28,30540.25,20.0
NQ,40000.0,call,516.0,0.2027,0.0047,0.0,-4.8126,2.0705,2026-12-28,30540.25,20.0
NQ,40500.0,call,55.0,0.20670000000000002,0.0038,0.0,-4.8286,1.729,2026-12-28,30540.25,20.0
NQ,41000.0,call,345.0,0.20980000000000001,0.003,0.0,-4.8448,1.4081,2026-12-28,30540.25,20.0
NQ,41500.0,call,82.0,0.2127,0.0024,0.0,-4.8671,1.1433,2026-12-28,30540.25,20.0
NQ,42000.0,call,210.0,0.2158,0.0019,0.0,-4.8965,0.937,2026-12-28,30540.25,20.0
NQ,42500.0,call,93.0,0.2188,0.0016,0.0,-4.9308,0.7717,2026-12-28,30540.25,20.0
NQ,43000.0,call,98.0,0.2223,0.0013,0.0,-4.9708,0.6487,2026-12-28,30540.25,20.0
NQ,43500.0,call,94.0,0.22469999999999998,0.001,0.0,-5.0099,0.5266,2026-12-28,30540.25,20.0
NQ,44000.0,call,343.0,0.22820000000000001,0.0009,0.0,-5.0556,0.4486,2026-12-28,30540.25,20.0
NQ,5000.0,put,3.0,0.0,0.0,0.0,0.0,0.0,2026-12-28,30540.25,20.0
NQ,5500.0,put,20.0,0.9591,-0.0001,0.0,-0.0196,0.0404,2026-12-28,30540.25,20.0
NQ,6000.0,put,39.0,0.9312,-0.0001,0.0,-0.0263,0.0561,2026-12-28,30540.25,20.0
NQ,6500.0,put,116.0,0.894,-0.0001,0.0,-0.0295,0.0657,2026-12-28,30540.25,20.0
NQ,7000.0,put,51.0,0.865,-0.0001,0.0,-0.0359,0.0827,2026-12-28,30540.25,20.0
NQ,7500.0,put,171.0,0.8359000000000001,-0.0002,0.0,-0.042,0.1004,2026-12-28,30540.25,20.0
NQ,8000.0,put,175.0,0.8112999999999999,-0.0002,0.0,-0.0509,0.1257,2026-12-28,30540.25,20.0
NQ,9000.0,put,5.0,0.758,-0.0003,0.0,-0.0649,0.1725,2026-12-28,30540.25,20.0
NQ,9500.0,put,85.0,0.7333,-0.0004,0.0,-0.073,0.201,2026-12-28,30540.25,20.0
NQ,10000.0,put,176.0,0.7111,-0.0004,0.0,-0.0836,0.2379,2026-12-28,30540.25,20.0
NQ,10500.0,put,162.0,0.6887000000000001,-0.0005,0.0,-0.0938,0.2762,2026-12-28,30540.25,20.0
NQ,11000.0,put,49.0,0.6679999999999999,-0.0006,0.0,-0.1063,0.3234,2026-12-28,30540.25,20.0
NQ,11500.0,put,36.0,0.6485,-0.0007,0.0,-0.1208,0.3795,2026-12-28,30540.25,20.0
NQ,12000.0,put,846.0,0.6321,-0.0009,0.0,-0.1421,0.4589,2026-12-28,30540.25,20.0
NQ,12500.0,put,80.0,0.6154999999999999,-0.0011,0.0,-0.1649,0.5477,2026-12-28,30540.25,20.0
NQ,13000.0,put,97.0,0.6012,-0.0013,0.0,-0.1958,0.6667,2026-12-28,30540.25,20.0
NQ,13500.0,put,186.0,0.5868,-0.0016,0.0,-0.2297,0.8023,2026-12-28,30540.25,20.0
NQ,14000.0,put,301.0,0.5825,-0.0023,0.0,-0.3099,1.0882,2026-12-28,30540.25,20.0
NQ,14500.0,put,265.0,0.5600999999999999,-0.0025,0.0,-0.3171,1.1632,2026-12-28,30540.25,20.0
NQ,15000.0,put,122.0,0.5478000000000001,-0.003,0.0,-0.3732,1.4009,2026-12-28,30540.25,20.0
NQ,15500.0,put,63.0,0.5339,-0.0036,0.0,-0.4262,1.644,2026-12-28,30540.25,20.0
NQ,16000.0,put,226.0,0.5204,-0.0043,0.0,-0.4854,1.9243,2026-12-28,30540.25,20.0
NQ,16500.0,put,69.0,0.507,-0.0051,0.0,-0.5501,2.2423,2026-12-28,30540.25,20.0
NQ,17000.0,put,81.0,0.4926,-0.0059,0.0,-0.6112,2.5699,2026-12-28,30540.25,20.0
NQ,17500.0,put,170.0,0.4857,-0.0076,0.0,-0.7483,3.1884,2026-12-28,30540.25,20.0
NQ,17750.0,put,5.0,0.4714,-0.0074,0.0,-0.7122,3.1407,2026-12-28,30540.25,20.0
NQ,18000.0,put,301.0,0.4693,-0.0085,0.0,-0.8001,3.5409,2026-12-28,30540.25,20.0
NQ,18250.0,put,3.0,0.4576,-0.0087,0.0,-0.7872,3.5853,2026-12-28,30540.25,20.0
NQ,18500.0,put,135.0,0.4582,-0.0102,0.0,-0.9147,4.151,2026-12-28,30540.25,20.0
NQ,18750.0,put,10.0,0.4436,-0.01,0.0,-0.8648,4.0737,2026-12-28,30540.25,20.0
NQ,19000.0,put,753.0,0.43700000000000006,-0.0108,0.0,-0.9089,4.3519,2026-12-28,30540.25,20.0
NQ,19250.0,put,3.0,0.4301,-0.0116,0.0,-0.9513,4.6349,2026-12-28,30540.25,20.0
NQ,19500.0,put,308.0,0.4235,-0.0125,0.0,-0.9992,4.9499,2026-12-28,30540.25,20.0
NQ,19750.0,put,5.0,0.4167,-0.0135,0.0,-1.0452,5.2703,2026-12-28,30540.25,20.0
NQ,20000.0,put,346.0,0.41700000000000004,-0.0158,0.0,-1.1998,6.0317,2026-12-28,30540.25,20.0
NQ,20250.0,put,20.0,0.40630000000000005,-0.0162,0.0,-1.1897,6.1613,2026-12-28,30540.25,20.0
NQ,20500.0,put,396.0,0.39799999999999996,-0.0171,0.0,-1.2171,6.4495,2026-12-28,30540.25,20.0
NQ,20750.0,put,166.0,0.3901,-0.0181,0.0,-1.2493,6.7711,2026-12-28,30540.25,20.0
NQ,21000.0,put,760.0,0.3911,-0.0212,0.0,-1.4402,7.7635,2026-12-28,30540.25,20.0
NQ,21250.0,put,1.0,0.37729999999999997,-0.021,0.0,-1.3682,7.6918,2026-12-28,30540.25,20.0
NQ,21500.0,put,403.0,0.37079999999999996,-0.0226,0.0,-1.4293,8.189,2026-12-28,30540.25,20.0
NQ,21750.0,put,16.0,0.3644,-0.0244,0.0,-1.4931,8.7196,2026-12-28,30540.25,20.0
NQ,22000.0,put,533.0,0.36329999999999996,-0.0278,0.0,-1.6666,9.7475,2026-12-28,30540.25,20.0
NQ,22250.0,put,17.0,0.3517,-0.0283,0.0,-1.627,9.8811,2026-12-28,30540.25,20.0
NQ,22500.0,put,541.0,0.34619999999999995,-0.0308,0.0,-1.7169,10.6042,2026-12-28,30540.25,20.0
NQ,22750.0,put,52.0,0.33909999999999996,-0.0329,0.0,-1.7718,11.2013,2026-12-28,30540.25,20.0
NQ,23000.0,put,727.0,0.33409999999999995,-0.036,0.0,-1.8767,12.0558,2026-12-28,30540.25,20.0
NQ,23250.0,put,5.0,0.3267,-0.0384,0.0,-1.9282,12.7029,2026-12-28,30540.25,20.0
NQ,23500.0,put,506.0,0.3206,-0.0415,0.0,-2.0126,13.5375,2026-12-28,30540.25,20.0
NQ,23750.0,put,12.0,0.3144,-0.0448,0.0,-2.0958,14.4067,2026-12-28,30540.25,20.0
NQ,24000.0,put,472.0,0.3071,-0.0479,0.0,-2.1514,15.1897,2026-12-28,30540.25,20.0
NQ,24250.0,put,13.0,0.3086,-0.0558,0.0,-2.4495,17.1479,2026-12-28,30540.25,20.0
NQ,24500.0,put,342.0,0.3029,-0.0605,0.0,-2.5594,18.2866,2026-12-28,30540.25,20.0
NQ,24750.0,put,39.0,0.2977,-0.0659,0.0,-2.6826,19.5407,2026-12-28,30540.25,20.0
NQ,25000.0,put,776.0,0.2863,-0.0681,0.0,-2.6266,20.0267,2026-12-28,30540.25,20.0
NQ,25250.0,put,17.0,0.2876,-0.0785,0.0,-2.9518,22.3315,2026-12-28,30540.25,20.0
NQ,25500.0,put,413.0,0.2822,-0.0854,0.0,-3.0802,23.7958,2026-12-28,30540.25,20.0
NQ,25750.0,put,66.0,0.26839999999999997,-0.087,0.0,-2.9423,24.1197,2026-12-28,30540.25,20.0
NQ,26000.0,put,2002.0,0.2735,-0.1027,0.0,-3.4101,27.2553,2026-12-28,30540.25,20.0
NQ,26250.0,put,214.0,0.2637,-0.1082,0.0,-3.3924,28.3086,2026-12-28,30540.25,20.0
NQ,26500.0,put,454.0,0.2553,-0.1155,0.0,-3.424,29.6604,2026-12-28,30540.25,20.0
NQ,26750.0,put,535.0,0.2534,-0.1289,0.0001,-3.6694,32.0227,2026-12-28,30540.25,20.0
NQ,27000.0,put,685.0,0.2458,-0.1385,0.0001,-3.7192,33.6418,2026-12-28,30540.25,20.0
NQ,27250.0,put,335.0,0.2373,-0.1483,0.0001,-3.737,35.2324,2026-12-28,30540.25,20.0
NQ,27500.0,put,710.0,0.23870000000000002,-0.168,0.0001,-4.0877,38.2226,2026-12-28,30540.25,20.0
NQ,27750.0,put,87.0,0.2334,-0.1831,0.0001,-4.2026,40.3549,2026-12-28,30540.25,20.0
NQ,28000.0,put,2432.0,0.2339,-0.2045,0.0001,-4.5101,43.1661,2026-12-28,30540.25,20.0
NQ,28250.0,put,50.0,0.2291,-0.2228,0.0001,-4.6221,45.3608,2026-12-28,30540.25,20.0
NQ,28500.0,put,897.0,0.22460000000000002,-0.2427,0.0001,-4.7272,47.5608,2026-12-28,30540.25,20.0
NQ,28750.0,put,205.0,0.20550000000000002,-0.2525,0.0001,-4.3251,48.5686,2026-12-28,30540.25,20.0
NQ,29000.0,put,408.0,0.2175,-0.2888,0.0001,-4.9474,51.9062,2026-12-28,30540.25,20.0
NQ,29250.0,put,359.0,0.213,-0.3135,0.0001,-4.9886,53.8402,2026-12-28,30540.25,20.0
NQ,29500.0,put,777.0,0.2089,-0.3401,0.0001,-5.0143,55.6282,2026-12-28,30540.25,20.0
NQ,29750.0,put,46.0,0.1873,-0.3604,0.0001,-4.4411,56.7899,2026-12-28,30540.25,20.0
NQ,30000.0,put,856.0,0.20489999999999997,-0.3994,0.0001,-5.0903,58.5491,2026-12-28,30540.25,20.0
NQ,30250.0,put,16.0,0.2,-0.4302,0.0001,-4.9779,59.509,2026-12-28,30540.25,20.0
NQ,30500.0,put,373.0,0.1739,-0.4632,0.0001,-4.1351,60.1244,2026-12-28,30540.25,20.0
NQ,30750.0,put,173.0,0.1734,-0.5004,0.0001,-4.0586,60.3125,2026-12-28,30540.25,20.0
NQ,31000.0,put,102.0,0.18280000000000002,-0.5332,0.0001,-4.2615,60.0328,2026-12-28,30540.25,20.0
NQ,31250.0,put,16.0,0.15460000000000002,-0.5866,0.0002,-3.1337,58.6809,2026-12-28,30540.25,20.0
NQ,31500.0,put,52.0,0.1568,-0.6236,0.0002,-2.9726,57.0811,2026-12-28,30540.25,20.0
NQ,32000.0,put,43.0,0.1477,-0.7085,0.0001,-1.9995,51.2518,2026-12-28,30540.25,20.0
NQ,32500.0,put,9.0,0.1355,-0.7962,0.0001,-0.6707,41.7511,2026-12-28,30540.25,20.0
NQ,33000.0,put,23.0,0.11199999999999999,-0.8978,0.0001,1.3391,25.1178,2026-12-28,30540.25,20.0
NQ,33500.0,put,7.0,0.0,-0.7691,0.0001,-2.9754,45.1031,2026-12-28,30540.25,20.0
NQ,34000.0,put,25.0,0.0,-0.8065,0.0001,-2.2309,40.3689,2026-12-28,30540.25,20.0
NQ,34500.0,put,1.0,0.0,-0.8392,0.0001,-1.4751,35.5627,2026-12-28,30540.25,20.0
NQ,35000.0,put,8.0,0.0,-0.8674,0.0001,-0.7314,30.8572,2026-12-28,30540.25,20.0
ES,4750.0,call,1.0,0.675,0.9385,0.0,-1.4979,4.0648,2026-12-28,7761.0,50.0
ES,5000.0,call,20.0,0.6106,0.9353,0.0,-1.4213,4.2679,2026-12-28,7761.0,50.0
ES,5150.0,call,3.0,0.5735,0.9332,0.0001,-1.3747,4.3978,2026-12-28,7761.0,50.0
ES,5200.0,call,153.0,0.5613,0.9324,0.0001,-1.359,4.4427,2026-12-28,7761.0,50.0
ES,5250.0,call,325.0,0.5498,0.9315,0.0001,-1.3476,4.4977,2026-12-28,7761.0,50.0
ES,5300.0,call,100.0,0.5379,0.9308,0.0001,-1.3318,4.5444,2026-12-28,7761.0,50.0
ES,5350.0,call,29.0,0.5267000000000001,0.9298,0.0001,-1.3203,4.6017,2026-12-28,7761.0,50.0
ES,5400.0,call,841.0,0.5155,0.9288,0.0001,-1.3086,4.6602,2026-12-28,7761.0,50.0
ES,5500.0,call,186.0,0.49340000000000006,0.9268,0.0001,-1.285,4.7816,2026-12-28,7761.0,50.0
ES,5550.0,call,12.0,0.483,0.9256,0.0001,-1.2772,4.8545,2026-12-28,7761.0,50.0
ES,5600.0,call,19.0,0.4722,0.9245,0.0001,-1.2652,4.9192,2026-12-28,7761.0,50.0
ES,5650.0,call,44.0,0.462,0.9231,0.0001,-1.2571,4.9958,2026-12-28,7761.0,50.0
ES,5700.0,call,71.0,0.4518,0.9218,0.0001,-1.2489,5.0745,2026-12-28,7761.0,50.0
ES,5750.0,call,11.0,0.44170000000000004,0.9204,0.0001,-1.2406,5.1553,2026-12-28,7761.0,50.0
ES,5800.0,call,208.0,0.4316,0.9189,0.0001,-1.2321,5.2384,2026-12-28,7761.0,50.0
ES,5850.0,call,223.0,0.4216,0.9174,0.0001,-1.2234,5.3239,2026-12-28,7761.0,50.0
ES,5900.0,call,203.0,0.4122,0.9156,0.0001,-1.2185,5.4228,2026-12-28,7761.0,50.0
ES,5950.0,call,39.0,0.4023,0.914,0.0001,-1.2094,5.5136,2026-12-28,7761.0,50.0
ES,6000.0,call,1768.0,0.39289999999999997,0.9121,0.0001,-1.2041,5.6182,2026-12-28,7761.0,50.0
ES,6050.0,call,185.0,0.3839,0.9099,0.0001,-1.2023,5.7371,2026-12-28,7761.0,50.0
ES,6100.0,call,329.0,0.3746,0.9079,0.0001,-1.1964,5.8484,2026-12-28,7761.0,50.0
ES,6150.0,call,76.0,0.3657,0.9055,0.0001,-1.1939,5.9744,2026-12-28,7761.0,50.0
ES,6200.0,call,862.0,0.3568,0.9031,0.0001,-1.1911,6.1043,2026-12-28,7761.0,50.0
ES,6250.0,call,202.0,0.3483,0.9003,0.0001,-1.1916,6.2495,2026-12-28,7761.0,50.0
ES,6300.0,call,1017.0,0.3395,0.8976,0.0001,-1.1879,6.3879,2026-12-28,7761.0,50.0
ES,6350.0,call,192.0,0.331,0.8946,0.0001,-1.1875,6.5421,2026-12-28,7761.0,50.0
ES,6400.0,call,453.0,0.3224,0.8914,0.0001,-1.1865,6.7012,2026-12-28,7761.0,50.0
ES,6450.0,call,152.0,0.3143,0.8879,0.0001,-1.1884,6.8768,2026-12-28,7761.0,50.0
ES,6500.0,call,2718.0,0.306,0.8842,0.0002,-1.1896,7.0578,2026-12-28,7761.0,50.0
ES,6550.0,call,75.0,0.2981,0.88,0.0002,-1.1936,7.2558,2026-12-28,7761.0,50.0
ES,6600.0,call,99.0,0.2905,0.8755,0.0002,-1.2,7.4706,2026-12-28,7761.0,50.0
ES,6650.0,call,363.0,0.2827,0.8707,0.0002,-1.2054,7.6917,2026-12-28,7761.0,50.0
ES,6700.0,call,1264.0,0.2752,0.8654,0.0002,-1.2129,7.9299,2026-12-28,7761.0,50.0
ES,6750.0,call,4105.0,0.2676,0.8598,0.0002,-1.2193,8.1749,2026-12-28,7761.0,50.0
ES,6800.0,call,836.0,0.2602,0.8537,0.0002,-1.2275,8.4373,2026-12-28,7761.0,50.0
ES,6850.0,call,209.0,0.2529,0.847,0.0002,-1.2372,8.7168,2026-12-28,7761.0,50.0
ES,6900.0,call,2252.0,0.2457,0.8397,0.0002,-1.2482,9.0131,2026-12-28,7761.0,50.0
ES,6950.0,call,636.0,0.23870000000000002,0.8317,0.0003,-1.2602,9.326,2026-12-28,7761.0,50.0
ES,7000.0,call,6640.0,0.23170000000000002,0.8231,0.0003,-1.2729,9.6547,2026-12-28,7761.0,50.0
ES,7050.0,call,224.0,0.2249,0.8134,0.0003,-1.2887,10.0072,2026-12-28,7761.0,50.0
ES,7100.0,call,2711.0,0.2182,0.803,0.0003,-1.3044,10.3733,2026-12-28,7761.0,50.0
ES,7150.0,call,1028.0,0.21170000000000003,0.7914,0.0003,-1.3221,10.7596,2026-12-28,7761.0,50.0
ES,7200.0,call,4363.0,0.2053,0.7787,0.0004,-1.3413,11.163,2026-12-28,7761.0,50.0
ES,7250.0,call,610.0,0.1989,0.7648,0.0004,-1.3613,11.5806,2026-12-28,7761.0,50.0
ES,7300.0,call,3458.0,0.1928,0.7493,0.0004,-1.3837,12.014,2026-12-28,7761.0,50.0
ES,7350.0,call,1955.0,0.1867,0.7324,0.0004,-1.4053,12.4524,2026-12-28,7761.0,50.0
ES,7375.0,call,2.0,0.1839,0.7232,0.0005,-1.4182,12.6775,2026-12-28,7761.0,50.0
ES,7400.0,call,3509.0,0.1809,0.7137,0.0005,-1.4295,12.8991,2026-12-28,7761.0,50.0
ES,7425.0,call,1.0,0.17800000000000002,0.7037,0.0005,-1.4412,13.1206,2026-12-28,7761.0,50.0
ES,7450.0,call,1341.0,0.1753,0.6931,0.0005,-1.4551,13.3441,2026-12-28,7761.0,50.0
ES,7475.0,call,57.0,0.1724,0.6821,0.0005,-1.467,13.5612,2026-12-28,7761.0,50.0
ES,7500.0,call,3007.0,0.1709,0.6696,0.0005,-1.4918,13.7918,2026-12-28,7761.0,50.0
ES,7525.0,call,118.0,0.16699999999999998,0.6585,0.0006,-1.4921,13.9834,2026-12-28,7761.0,50.0
ES,7550.0,call,2682.0,0.1642,0.6459,0.0006,-1.503,14.1829,2026-12-28,7761.0,50.0
ES,7575.0,call,31.0,0.16149999999999998,0.6327,0.0006,-1.5151,14.3749,2026-12-28,7761.0,50.0
ES,7600.0,call,3203.0,0.1589,0.6189,0.0006,-1.5262,14.5554,2026-12-28,7761.0,50.0
ES,7625.0,call,19.0,0.14150000000000001,0.6127,0.0007,-1.3915,14.6302,2026-12-28,7761.0,50.0
ES,7650.0,call,1751.0,0.1479,0.5921,0.0007,-1.4913,14.8511,2026-12-28,7761.0,50.0
ES,7675.0,call,273.0,0.1515,0.5739,0.0007,-1.5603,15.0101,2026-12-28,7761.0,50.0
ES,7700.0,call,4767.0,0.1487,0.5578,0.0007,-1.5673,15.1232,2026-12-28,7761.0,50.0
ES,7725.0,call,263.0,0.14679999999999999,0.541,0.0007,-1.58,15.2139,2026-12-28,7761.0,50.0
ES,7750.0,call,4331.0,0.1354,0.5238,0.0007,-1.5052,15.2776,2026-12-28,7761.0,50.0
ES,7775.0,call,415.0,0.1401,0.5055,0.0007,-1.5762,15.3131,2026-12-28,7761.0,50.0
ES,7800.0,call,3520.0,0.1399,0.4874,0.0007,-1.6003,15.316,2026-12-28,7761.0,50.0
ES,7825.0,call,619.0,0.1384,0.4687,0.0007,-1.6109,15.2853,2026-12-28,7761.0,50.0
ES,7850.0,call,2648.0,0.1396,0.4512,0.0007,-1.6423,15.2252,2026-12-28,7761.0,50.0
ES,7875.0,call,412.0,0.128,0.4254,0.0008,-1.5619,15.0817,2026-12-28,7761.0,50.0
ES,7900.0,call,7228.0,0.1285,0.4067,0.0008,-1.5833,14.9357,2026-12-28,7761.0,50.0
ES,7925.0,call,533.0,0.1297,0.3891,0.0008,-1.6079,14.7662,2026-12-28,7761.0,50.0
ES,7950.0,call,2866.0,0.12240000000000001,0.3622,0.0008,-1.5591,14.4458,2026-12-28,7761.0,50.0
ES,7975.0,call,429.0,0.1303,0.3534,0.0007,-1.6333,14.3252,2026-12-28,7761.0,50.0
ES,8000.0,call,9112.0,0.1197,0.3207,0.0008,-1.5531,13.8037,2026-12-28,7761.0,50.0
ES,8025.0,call,293.0,0.128,0.3153,0.0007,-1.6249,13.7065,2026-12-28,7761.0,50.0
ES,8050.0,call,4404.0,0.11869999999999999,0.2827,0.0007,-1.5495,13.0502,2026-12-28,7761.0,50.0
ES,8075.0,call,382.0,0.11779999999999999,0.2637,0.0007,-1.5409,12.6114,2026-12-28,7761.0,50.0
ES,8100.0,call,10260.0,0.12,0.2511,0.0007,-1.5554,12.2974,2026-12-28,7761.0,50.0
ES,8125.0,call,360.0,0.1209,0.2369,0.0007,-1.5576,11.9204,2026-12-28,7761.0,50.0
ES,8150.0,call,2950.0,0.12240000000000001,0.2246,0.0006,-1.5631,11.5736,2026-12-28,7761.0,50.0
ES,8175.0,call,267.0,0.1209,0.2068,0.0006,-1.5403,11.0331,2026-12-28,7761.0,50.0
ES,8200.0,call,7556.0,0.11539999999999999,0.181,0.0006,-1.4825,10.178,2026-12-28,7761.0,50.0
ES,8225.0,call,316.0,0.1197,0.1768,0.0006,-1.5066,10.0278,2026-12-28,7761.0,50.0
ES,8250.0,call,2993.0,0.1161,0.1563,0.0005,-1.4617,9.2636,2026-12-28,7761.0,50.0
ES,8275.0,call,221.0,0.1161,0.144,0.0005,-1.4457,8.772,2026-12-28,7761.0,50.0
ES,8300.0,call,5020.0,0.1144,0.129,0.0005,-1.4151,8.1377,2026-12-28,7761.0,50.0
ES,8325.0,call,349.0,0.1177,0.1252,0.0004,-1.4268,7.9706,2026-12-28,7761.0,50.0
ES,8350.0,call,1703.0,0.11599999999999999,0.1114,0.0004,-1.3942,7.3426,2026-12-28,7761.0,50.0
ES,8375.0,call,242.0,0.1125,0.0949,0.0004,-1.3461,6.5348,2026-12-28,7761.0,50.0
ES,8400.0,call,3771.0,0.1159,0.093,0.0004,-1.3577,6.4387,2026-12-28,7761.0,50.0
ES,8425.0,call,509.0,0.11720000000000001,0.0873,0.0003,-1.3509,6.1419,2026-12-28,7761.0,50.0
ES,8450.0,call,2111.0,0.11560000000000001,0.0765,0.0003,-1.3186,5.5619,2026-12-28,7761.0,50.0
ES,8475.0,call,396.0,0.114,0.0668,0.0003,-1.2881,5.011,2026-12-28,7761.0,50.0
ES,8500.0,call,13289.0,0.11699999999999999,0.0653,0.0003,-1.2953,4.9286,2026-12-28,7761.0,50.0
ES,8525.0,call,2.0,0.11699999999999999,0.0591,0.0003,-1.2777,4.5603,2026-12-28,7761.0,50.0
ES,8550.0,call,1767.0,0.1161,0.0522,0.0002,-1.2541,4.1316,2026-12-28,7761.0,50.0
ES,8575.0,call,18.0,0.1174,0.0489,0.0002,-1.248,3.925,2026-12-28,7761.0,50.0
ES,8600.0,call,4396.0,0.1164,0.0427,0.0002,-1.2243,3.5155,2026-12-28,7761.0,50.0
ES,8650.0,call,1752.0,0.1131,0.0305,0.0002,-1.1727,2.6704,2026-12-28,7761.0,50.0
ES,8700.0,call,3748.0,0.1173,0.0285,0.0001,-1.1756,2.5267,2026-12-28,7761.0,50.0
ES,8750.0,call,1847.0,0.1162,0.0216,0.0001,-1.1451,2.0039,2026-12-28,7761.0,50.0
ES,8800.0,call,2954.0,0.1219,0.0218,0.0001,-1.1582,2.0161,2026-12-28,7761.0,50.0
ES,8850.0,call,1059.0,0.1233,0.0185,0.0001,-1.1465,1.7526,2026-12-28,7761.0,50.0
ES,8900.0,call,22960.0,0.1226,0.0143,0.0001,-1.1259,1.4058,2026-12-28,7761.0,50.0
ES,8950.0,call,314.0,0.12539999999999998,0.0129,0.0001,-1.1249,1.2897,2026-12-28,7761.0,50.0
ES,9000.0,call,7983.0,0.1267,0.0109,0.0001,-1.1176,1.1138,2026-12-28,7761.0,50.0
ES,9050.0,call,56.0,0.12990000000000002,0.0101,0.0001,-1.1196,1.0446,2026-12-28,7761.0,50.0
ES,9100.0,call,1473.0,0.1319,0.0089,0.0,-1.1172,0.9349,2026-12-28,7761.0,50.0
ES,9200.0,call,2846.0,0.1348,0.0066,0.0,-1.1111,0.7171,2026-12-28,7761.0,50.0
ES,9300.0,call,1525.0,0.1384,0.0051,0.0,-1.1104,0.5701,2026-12-28,7761.0,50.0
ES,9400.0,call,1135.0,0.1416,0.0039,0.0,-1.1112,0.4493,2026-12-28,7761.0,50.0
ES,9500.0,call,2637.0,0.1461,0.0033,0.0,-1.117,0.3816,2026-12-28,7761.0,50.0
ES,9600.0,call,740.0,0.15,0.0026,0.0,-1.1224,0.3162,2026-12-28,7761.0,50.0
ES,9700.0,call,147.0,0.1548,0.0023,0.0,-1.1306,0.2792,2026-12-28,7761.0,50.0
ES,9800.0,call,708.0,0.1593,0.002,0.0,-1.1387,0.2439,2026-12-28,7761.0,50.0
ES,1000.0,put,727.0,0.0,0.0,0.0,0.0,0.0,2026-12-28,7761.0,50.0
ES,1100.0,put,815.0,0.0,0.0,0.0,0.0,0.0,2026-12-28,7761.0,50.0
ES,1200.0,put,2548.0,0.0,0.0,0.0,0.0,0.0,2026-12-28,7761.0,50.0
ES,1300.0,put,2029.0,0.9839,-0.0001,0.0,-0.004,0.0081,2026-12-28,7761.0,50.0
ES,1400.0,put,173.0,0.9433,-0.0001,0.0,-0.004,0.0084,2026-12-28,7761.0,50.0
ES,1500.0,put,5000.0,0.9056000000000001,-0.0001,0.0,-0.004,0.0088,2026-12-28,7761.0,50.0
ES,1600.0,put,559.0,0.9107999999999999,-0.0001,0.0,-0.0074,0.0162,2026-12-28,7761.0,50.0
ES,1700.0,put,176.0,0.8763,-0.0001,0.0,-0.0074,0.0168,2026-12-28,7761.0,50.0
ES,1800.0,put,394.0,0.868,-0.0002,0.0,-0.0106,0.0242,2026-12-28,7761.0,50.0
ES,1900.0,put,699.0,0.8364,-0.0002,0.0,-0.0105,0.0251,2026-12-28,7761.0,50.0
ES,2000.0,put,4116.0,0.8236,-0.0002,0.0,-0.0135,0.0328,2026-12-28,7761.0,50.0
ES,2100.0,put,497.0,0.7946,-0.0002,0.0,-0.0135,0.034,2026-12-28,7761.0,50.0
ES,2200.0,put,760.0,0.78,-0.0003,0.0,-0.0163,0.042,2026-12-28,7761.0,50.0
ES,2300.0,put,947.0,0.7533,-0.0003,0.0,-0.0163,0.0435,2026-12-28,7761.0,50.0
ES,2400.0,put,541.0,0.738,-0.0004,0.0,-0.019,0.0519,2026-12-28,7761.0,50.0
ES,2500.0,put,4315.0,0.7219,-0.0004,0.0,-0.0217,0.0606,2026-12-28,7761.0,50.0
ES,2600.0,put,4722.0,0.7054,-0.0005,0.0,-0.0243,0.0695,2026-12-28,7761.0,50.0
ES,2700.0,put,798.0,0.6884999999999999,-0.0006,0.0,-0.0268,0.0787,2026-12-28,7761.0,50.0
ES,2800.0,put,813.0,0.6770999999999999,-0.0007,0.0,-0.0317,0.095,2026-12-28,7761.0,50.0
ES,2900.0,put,1049.0,0.6643000000000001,-0.0008,0.0,-0.0365,0.1116,2026-12-28,7761.0,50.0
ES,3000.0,put,3035.0,0.6466,-0.0009,0.0,-0.0388,0.1219,2026-12-28,7761.0,50.0
ES,3100.0,put,621.0,0.6329,-0.0011,0.0,-0.0433,0.1393,2026-12-28,7761.0,50.0
ES,3200.0,put,921.0,0.6187,-0.0012,0.0,-0.0477,0.1572,2026-12-28,7761.0,50.0
ES,3300.0,put,441.0,0.6043,-0.0014,0.0,-0.0519,0.1756,2026-12-28,7761.0,50.0
ES,3400.0,put,1002.0,0.5870000000000001,-0.0015,0.0,-0.0538,0.1879,2026-12-28,7761.0,50.0
ES,3500.0,put,2088.0,0.5749,-0.0017,0.0,-0.06,0.2143,2026-12-28,7761.0,50.0
ES,3600.0,put,1213.0,0.5622,-0.002,0.0,-0.0659,0.2413,2026-12-28,7761.0,50.0
ES,3650.0,put,946.0,0.5548,-0.0021,0.0,-0.0678,0.2518,2026-12-28,7761.0,50.0
ES,3700.0,put,1159.0,0.5492,-0.0022,0.0,-0.0717,0.2691,2026-12-28,7761.0,50.0
ES,3750.0,put,2023.0,0.5434,-0.0024,0.0,-0.0755,0.2866,2026-12-28,7761.0,50.0
ES,3800.0,put,815.0,0.5359,-0.0025,0.0,-0.0772,0.2978,2026-12-28,7761.0,50.0
ES,3850.0,put,527.0,0.53,-0.0026,0.0,-0.0809,0.3158,2026-12-28,7761.0,50.0
ES,3900.0,put,547.0,0.5239,-0.0028,0.0,-0.0845,0.334,2026-12-28,7761.0,50.0
ES,3950.0,put,635.0,0.5178,-0.003,0.0,-0.0881,0.3526,2026-12-28,7761.0,50.0
ES,4000.0,put,2142.0,0.5155,-0.0033,0.0,-0.0973,0.3909,2026-12-28,7761.0,50.0
ES,4050.0,put,720.0,0.5065,-0.0034,0.0,-0.0969,0.397,2026-12-28,7761.0,50.0
ES,4100.0,put,913.0,0.5025,-0.0037,0.0,-0.1039,0.4294,2026-12-28,7761.0,50.0
ES,4150.0,put,303.0,0.49479999999999996,-0.0038,0.0,-0.1053,0.4427,2026-12-28,7761.0,50.0
ES,4200.0,put,887.0,0.4904,-0.0042,0.0,-0.1121,0.4757,2026-12-28,7761.0,50.0
ES,4250.0,put,1324.0,0.4827,-0.0043,0.0,-0.1134,0.4897,2026-12-28,7761.0,50.0
ES,4300.0,put,1307.0,0.4771,-0.0046,0.0,-0.1182,0.517,2026-12-28,7761.0,50.0
ES,4350.0,put,964.0,0.47130000000000005,-0.0048,0.0,-0.1229,0.5447,2026-12-28,7761.0,50.0
ES,4400.0,put,499.0,0.46799999999999997,-0.0053,0.0,-0.1326,0.592,2026-12-28,7761.0,50.0
ES,4450.0,put,1459.0,0.4611,-0.0055,0.0,-0.1353,0.6142,2026-12-28,7761.0,50.0
ES,4500.0,put,4257.0,0.45659999999999995,-0.006,0.0,-0.143,0.6559,2026-12-28,7761.0,50.0
ES,4550.0,put,934.0,0.4489,-0.0061,0.0,-0.1439,0.6729,2026-12-28,7761.0,50.0
ES,4600.0,put,1872.0,0.4462,-0.0068,0.0,-0.1562,0.7343,2026-12-28,7761.0,50.0
ES,4650.0,put,1238.0,0.4371,-0.0068,0.0,-0.1537,0.74,2026-12-28,7761.0,50.0
ES,4700.0,put,2403.0,0.4315,-0.0072,0.0,-0.1592,0.7776,2026-12-28,7761.0,50.0
ES,4750.0,put,1249.0,0.4263,-0.0077,0.0,-0.1662,0.8221,2026-12-28,7761.0,50.0
ES,4800.0,put,2120.0,0.4205,-0.0081,0.0,-0.1714,0.8609,2026-12-28,7761.0,50.0
ES,4850.0,put,1733.0,0.41509999999999997,-0.0086,0.0,-0.178,0.9067,2026-12-28,7761.0,50.0
ES,4900.0,put,727.0,0.41369999999999996,-0.0097,0.0,-0.1962,1.002,2026-12-28,7761.0,50.0
ES,4950.0,put,1027.0,0.4036,-0.0096,0.0,-0.1891,0.9943,2026-12-28,7761.0,50.0
ES,5000.0,put,2826.0,0.4031,-0.0109,0.0,-0.211,1.109,2026-12-28,7761.0,50.0
ES,5050.0,put,938.0,0.3967,-0.0113,0.0,-0.2153,1.1519,2026-12-28,7761.0,50.0
ES,5100.0,put,846.0,0.38770000000000004,-0.0114,0.0,-0.2111,1.1596,2026-12-28,7761.0,50.0
ES,5150.0,put,438.0,0.3822,-0.0121,0.0,-0.2179,1.2165,2026-12-28,7761.0,50.0
ES,5200.0,put,1517.0,0.379,-0.0132,0.0,-0.2327,1.3104,2026-12-28,7761.0,50.0
ES,5250.0,put,1146.0,0.371,-0.0134,0.0,-0.231,1.3335,2026-12-28,7761.0,50.0
ES,5300.0,put,1950.0,0.36590000000000006,-0.0143,0.0,-0.2399,1.4057,2026-12-28,7761.0,50.0
ES,5350.0,put,2729.0,0.3608,-0.0151,0.0,-0.2485,1.479,2026-12-28,7761.0,50.0
ES,5400.0,put,3708.0,0.3555,-0.016,0.0,-0.2567,1.5536,2026-12-28,7761.0,50.0
ES,5450.0,put,1092.0,0.35009999999999997,-0.017,0.0,-0.2647,1.6295,2026-12-28,7761.0,50.0
ES,5500.0,put,3829.0,0.3519,-0.0197,0.0,-0.3037,1.8541,2026-12-28,7761.0,50.0
ES,5550.0,put,1187.0,0.3395,-0.019,0.0,-0.2821,1.7974,2026-12-28,7761.0,50.0
ES,5600.0,put,2086.0,0.33799999999999997,-0.0212,0.0,-0.3079,1.9686,2026-12-28,7761.0,50.0
ES,5650.0,put,1165.0,0.3325,-0.0224,0.0,-0.3166,2.0617,2026-12-28,7761.0,50.0
ES,5700.0,put,4020.0,0.3274,-0.0237,0.0,-0.3272,2.1678,2026-12-28,7761.0,50.0
ES,5750.0,put,1503.0,0.3185,-0.024,0.0,-0.3196,2.1873,2026-12-28,7761.0,50.0
ES,5800.0,put,4342.0,0.3159,-0.0263,0.0,-0.3426,2.3639,2026-12-28,7761.0,50.0
ES,5850.0,put,659.0,0.30760000000000004,-0.0268,0.0001,-0.337,2.3996,2026-12-28,7761.0,50.0
ES,5900.0,put,1919.0,0.3068,-0.0301,0.0001,-0.371,2.6439,2026-12-28,7761.0,50.0
ES,5950.0,put,1255.0,0.2974,-0.0303,0.0001,-0.3588,2.6543,2026-12-28,7761.0,50.0
ES,6000.0,put,9982.0,0.2945,-0.0331,0.0001,-0.3828,2.8597,2026-12-28,7761.0,50.0
ES,6050.0,put,2004.0,0.2869,-0.0341,0.0001,-0.3803,2.9298,2026-12-28,7761.0,50.0
ES,6100.0,put,3830.0,0.287,-0.0387,0.0001,-0.4231,3.2506,2026-12-28,7761.0,50.0
ES,6125.0,put,104.0,0.2872,-0.0413,0.0001,-0.4463,3.4218,2026-12-28,7761.0,50.0
ES,6150.0,put,1495.0,0.2822,-0.0414,0.0001,-0.438,3.4288,2026-12-28,7761.0,50.0
ES,6175.0,put,109.0,0.2741,-0.0398,0.0001,-0.4096,3.3247,2026-12-28,7761.0,50.0
ES,6200.0,put,6475.0,0.2716,-0.0411,0.0001,-0.416,3.4121,2026-12-28,7761.0,50.0
ES,6225.0,put,28.0,0.26899999999999996,-0.0424,0.0001,-0.4222,3.5004,2026-12-28,7761.0,50.0
ES,6250.0,put,2818.0,0.2664,-0.0438,0.0001,-0.4282,3.5896,2026-12-28,7761.0,50.0
ES,6275.0,put,86.0,0.2638,-0.0451,0.0001,-0.4339,3.6797,2026-12-28,7761.0,50.0
ES,6300.0,put,5832.0,0.2611,-0.0465,0.0001,-0.4395,3.7707,2026-12-28,7761.0,50.0
ES,6325.0,put,277.0,0.2591,-0.0483,0.0001,-0.449,3.8872,2026-12-28,7761.0,50.0
ES,6350.0,put,1075.0,0.2563,-0.0498,0.0001,-0.4541,3.9802,2026-12-28,7761.0,50.0
ES,6375.0,put,240.0,0.2535,-0.0513,0.0001,-0.4589,4.0742,2026-12-28,7761.0,50.0
ES,6400.0,put,5416.0,0.2559,-0.0562,0.0001,-0.4999,4.3783,2026-12-28,7761.0,50.0
ES,6425.0,put,12.0,0.2495,-0.0555,0.0001,-0.4799,4.3366,2026-12-28,7761.0,50.0
ES,6450.0,put,3779.0,0.24600000000000002,-0.0567,0.0001,-0.4799,4.4107,2026-12-28,7761.0,50.0
ES,6475.0,put,127.0,0.24359999999999998,-0.0587,0.0001,-0.4876,4.5326,2026-12-28,7761.0,50.0
ES,6500.0,put,13300.0,0.2458,-0.0641,0.0001,-0.5292,4.8546,2026-12-28,7761.0,50.0
ES,6525.0,put,60.0,0.2412,-0.0647,0.0001,-0.5208,4.8904,2026-12-28,7761.0,50.0
ES,6550.0,put,4199.0,0.2365,-0.0653,0.0001,-0.5124,4.9271,2026-12-28,7761.0,50.0
ES,6575.0,put,564.0,0.2382,-0.0708,0.0001,-0.5513,5.2446,2026-12-28,7761.0,50.0
ES,6600.0,put,12098.0,0.23120000000000002,-0.0697,0.0001,-0.5246,5.181,2026-12-28,7761.0,50.0
ES,6625.0,put,85.0,0.2284,-0.072,0.0002,-0.5301,5.31,2026-12-28,7761.0,50.0
ES,6650.0,put,6602.0,0.2261,-0.0747,0.0002,-0.5388,5.4617,2026-12-28,7761.0,50.0
ES,6675.0,put,50.0,0.2237,-0.0775,0.0002,-0.547,5.6143,2026-12-28,7761.0,50.0
ES,6700.0,put,4356.0,0.2208,-0.0799,0.0002,-0.5513,5.7478,2026-12-28,7761.0,50.0
ES,6725.0,put,252.0,0.2186,-0.0831,0.0002,-0.5619,5.9233,2026-12-28,7761.0,50.0
ES,6750.0,put,3023.0,0.2181,-0.0879,0.0002,-0.5848,6.1769,2026-12-28,7761.0,50.0
ES,6775.0,put,61.0,0.2169,-0.0924,0.0002,-0.6033,6.408,2026-12-28,7761.0,50.0
ES,6800.0,put,10686.0,0.21559999999999999,-0.0969,0.0002,-0.6208,6.637,2026-12-28,7761.0,50.0
ES,6825.0,put,67.0,0.2097,-0.0972,0.0002,-0.6011,6.6516,2026-12-28,7761.0,50.0
ES,6850.0,put,4779.0,0.2115,-0.1051,0.0002,-0.644,7.0397,2026-12-28,7761.0,50.0
ES,6875.0,put,77.0,0.2039,-0.1038,0.0002,-0.6094,6.9774,2026-12-28,7761.0,50.0
ES,6900.0,put,6489.0,0.205,-0.1115,0.0002,-0.6471,7.3466,2026-12-28,7761.0,50.0
ES,6925.0,put,75.0,0.19879999999999998,-0.1119,0.0002,-0.624,7.363,2026-12-28,7761.0,50.0
ES,6950.0,put,2919.0,0.1966,-0.1166,0.0003,-0.6344,7.5826,2026-12-28,7761.0,50.0
ES,6975.0,put,69.0,0.1941,-0.1211,0.0003,-0.6411,7.7865,2026-12-28,7761.0,50.0
ES,7000.0,put,9846.0,0.1975,-0.1325,0.0003,-0.6992,8.2888,2026-12-28,7761.0,50.0
ES,7025.0,put,218.0,0.1973,-0.1401,0.0003,-0.7258,8.61,2026-12-28,7761.0,50.0
ES,7050.0,put,3658.0,0.1905,-0.1407,0.0003,-0.6966,8.635,2026-12-28,7761.0,50.0
ES,7075.0,put,62.0,0.1855,-0.1433,0.0003,-0.6821,8.7446,2026-12-28,7761.0,50.0
ES,7100.0,put,6250.0,0.1852,-0.1518,0.0003,-0.708,9.0851,2026-12-28,7761.0,50.0
ES,7125.0,put,65.0,0.1796,-0.1541,0.0003,-0.6877,9.1784,2026-12-28,7761.0,50.0
ES,7150.0,put,2912.0,0.1843,-0.169,0.0004,-0.7555,9.7468,2026-12-28,7761.0,50.0
ES,7175.0,put,140.0,0.17620000000000002,-0.1692,0.0004,-0.7139,9.7514,2026-12-28,7761.0,50.0
ES,7200.0,put,7756.0,0.17850000000000002,-0.182,0.0004,-0.7608,10.2131,2026-12-28,7761.0,50.0
ES,7225.0,put,254.0,0.17370000000000002,-0.1867,0.0004,-0.746,10.3729,2026-12-28,7761.0,50.0
ES,7250.0,put,4889.0,0.17420000000000002,-0.1981,0.0004,-0.7772,10.7572,2026-12-28,7761.0,50.0
ES,7275.0,put,39.0,0.172,-0.2066,0.0004,-0.7838,11.0294,2026-12-28,7761.0,50.0
ES,7300.0,put,12144.0,0.16670000000000001,-0.2119,0.0004,-0.7638,11.192,2026-12-28,7761.0,50.0
ES,7325.0,put,141.0,0.1671,-0.2243,0.0005,-0.7915,11.5651,2026-12-28,7761.0,50.0
ES,7350.0,put,5815.0,0.16510000000000002,-0.2343,0.0005,-0.7979,11.8496,2026-12-28,7761.0,50.0
ES,7375.0,put,105.0,0.157,-0.2377,0.0005,-0.7529,11.9412,2026-12-28,7761.0,50.0
ES,7400.0,put,6035.0,0.15380000000000002,-0.2472,0.0005,-0.7476,12.1976,2026-12-28,7761.0,50.0
ES,7425.0,put,246.0,0.159,-0.2671,0.0005,-0.8119,12.6936,2026-12-28,7761.0,50.0
ES,7450.0,put,3899.0,0.1574,-0.2795,0.0005,-0.8185,12.9796,2026-12-28,7761.0,50.0
ES,7475.0,put,116.0,0.15410000000000001,-0.2906,0.0006,-0.8096,13.221,2026-12-28,7761.0,50.0
ES,7500.0,put,18279.0,0.1525,-0.3041,0.0006,-0.8136,13.4937,2026-12-28,7761.0,50.0
ES,7525.0,put,284.0,0.1427,-0.31,0.0006,-0.7486,13.6082,2026-12-28,7761.0,50.0
ES,7550.0,put,3028.0,0.1484,-0.3316,0.0006,-0.8086,13.9896,2026-12-28,7761.0,50.0
ES,7575.0,put,601.0,0.1465,-0.3464,0.0006,-0.8053,14.2224,2026-12-28,7761.0,50.0
ES,7600.0,put,2827.0,0.1423,-0.3601,0.0007,-0.7816,14.4175,2026-12-28,7761.0,50.0
ES,7625.0,put,704.0,0.141,-0.3766,0.0007,-0.7793,14.6264,2026-12-28,7761.0,50.0
ES,7650.0,put,5664.0,0.1293,-0.3877,0.0008,-0.6922,14.7509,2026-12-28,7761.0,50.0
ES,7675.0,put,758.0,0.1303,-0.4074,0.0008,-0.7033,14.9421,2026-12-28,7761.0,50.0
ES,7700.0,put,14039.0,0.1362,-0.4286,0.0007,-0.7511,15.1028,2026-12-28,7761.0,50.0
ES,7725.0,put,321.0,0.1226,-0.4448,0.0008,-0.642,15.1956,2026-12-28,7761.0,50.0
ES,7750.0,put,2550.0,0.1295,-0.4658,0.0008,-0.6919,15.2772,2026-12-28,7761.0,50.0
ES,7775.0,put,133.0,0.1285,-0.4855,0.0008,-0.6766,15.3145,2026-12-28,7761.0,50.0
ES,7800.0,put,3162.0,0.1282,-0.5054,0.0008,-0.6637,15.3133,2026-12-28,7761.0,50.0
ES,7825.0,put,147.0,0.11699999999999999,-0.5302,0.0009,-0.5589,15.2571,2026-12-28,7761.0,50.0
ES,7850.0,put,1137.0,0.11199999999999999,-0.5552,0.0009,-0.4994,15.1395,2026-12-28,7761.0,50.0
ES,7875.0,put,88.0,0.1159,-0.5738,0.0009,-0.5112,15.0113,2026-12-28,7761.0,50.0
ES,7900.0,put,2200.0,0.1144,-0.5964,0.0009,-0.4748,14.8091,2026-12-28,7761.0,50.0
ES,7925.0,put,157.0,0.11220000000000001,-0.6201,0.0009,-0.4281,14.5414,2026-12-28,7761.0,50.0
ES,7950.0,put,614.0,0.1197,-0.6308,0.0008,-0.4676,14.4004,2026-12-28,7761.0,50.0
ES,7975.0,put,80.0,0.1059,-0.6718,0.0009,-0.3036,13.7529,2026-12-28,7761.0,50.0
ES,8000.0,put,5611.0,0.1023,-0.6994,0.0009,-0.2302,13.2136,2026-12-28,7761.0,50.0
ES,8025.0,put,181.0,0.10490000000000001,-0.7144,0.0008,-0.2171,12.8827,2026-12-28,7761.0,50.0
ES,8050.0,put,1252.0,0.10039999999999999,-0.7437,0.0008,-0.1266,12.163,2026-12-28,7761.0,50.0
ES,8075.0,put,133.0,0.1045,-0.7533,0.0008,-0.1275,11.9038,2026-12-28,7761.0,50.0
ES,8100.0,put,996.0,0.0978,-0.7872,0.0007,-0.0054,10.8959,2026-12-28,7761.0,50.0
ES,8125.0,put,135.0,0.0885,-0.8296,0.0007,0.157,9.4097,2026-12-28,7761.0,50.0
ES,8150.0,put,628.0,0.0943,-0.8299,0.0007,0.1341,9.3973,2026-12-28,7761.0,50.0
ES,8175.0,put,107.0,0.0816,-0.8804,0.0006,0.3471,7.2403,2026-12-28,7761.0,50.0
ES,8200.0,put,180.0,0.09269999999999999,-0.8634,0.0006,0.2525,8.0155,2026-12-28,7761.0,50.0
ES,8225.0,put,102.0,0.08779999999999999,-0.8892,0.0005,0.3642,6.8101,2026-12-28,7761.0,50.0
ES,8250.0,put,112.0,0.07730000000000001,-0.9275,0.0004,0.5477,4.7393,2026-12-28,7761.0,50.0
ES,8275.0,put,83.0,0.07,-0.9526,0.0003,0.6786,3.1365,2026-12-28,7761.0,50.0
ES,8300.0,put,46.0,0.0537,-0.9825,0.0001,0.8677,0.7701,2026-12-28,7761.0,50.0
ES,8350.0,put,3.0,0.0,-0.8638,0.0004,0.1496,7.9994,2026-12-28,7761.0,50.0
ES,8400.0,put,10.0,0.0,-0.8827,0.0004,0.2366,7.1266,2026-12-28,7761.0,50.0
ES,8450.0,put,1.0,0.0,-0.8994,0.0003,0.3205,6.2941,2026-12-28,7761.0,50.0
ES,8500.0,put,397.0,0.0,-0.914,0.0003,0.4003,5.5117,2026-12-28,7761.0,50.0
ES,8600.0,put,6.0,0.0,-0.9376,0.0002,0.5454,4.1225,2026-12-28,7761.0,50.0
ES,8700.0,put,56.0,0.0,-0.9547,0.0002,0.6685,2.9854,2026-12-28,7761.0,50.0
ES,8800.0,put,11.0,0.0,-0.9668,0.0001,0.7695,2.0957,2026-12-28,7761.0,50.0
