date_kst,datetime_kst,spot,mode,net_gex,regime,gamma_flip_level,flip_distance_pt,flip_distance_pct,call_wall,call_wall_oi,put_wall,put_wall_oi,call_wall_smoothed,call_wall_smoothed_oi,put_wall_smoothed,put_wall_smoothed_oi
2026-09-19,2026-09-19 20:01:22,7712.5,black76_scan,-334880547.0,네거티브 감마,7799.5,87.0,1.13,8900.0,19758,7500.0,16352,8908.58,20989.0,6560.23,28341.0
2026-09-20,2026-09-20 15:44:19,7712.5,black76_scan,-338720321.0,네거티브 감마,7800.64,88.1,1.14,8900.0,19758,7500.0,16352,8908.58,20989.0,6560.23,28341.0
2026-09-21,2026-09-21 15:50:15,7749.5,black76_scan,-159281755.0,네거티브 감마,7790.92,41.4,0.53,8900.0,19758,7500.0,16610,8909.24,20989.0,6560.69,29166.0
2026-09-22,2026-09-22 15:36:22,7835.75,black76_scan,116150131.0,포지티브 감마,7804.22,-31.5,-0.4,8900.0,19920,7500.0,17197,8910.77,21191.0,6563.69,29168.0
2026-09-23,2026-09-23 15:23:45,7839.5,black76_scan,133529015.0,포지티브 감마,7806.46,-33.0,-0.42,8900.0,19860,7500.0,17805,8910.84,21227.0,6563.74,29845.0
2026-09-24,2026-09-24 15:33:01,7742.75,black76_scan,-454786972.0,네거티브 감마,7851.43,108.7,1.4,8900.0,19960,7500.0,18179,8909.12,21330.0,7486.99,25571.0
2026-09-25,2026-09-25 15:26:10,7774.75,black76_scan,-174110079.0,네거티브 감마,7817.12,42.4,0.54,8900.0,19960,7500.0,18231,8909.68,21333.0,7487.59,25799.0
2026-09-26,2026-09-26 15:27:48,7803.75,black76_scan,-107616457.0,네거티브 감마,7828.94,25.2,0.32,8900.0,19960,7500.0,18231,8910.2,21333.0,7488.13,25799.0
2026-09-27,2026-09-27 15:55:07,7803.75,black76_scan,-107103377.0,네거티브 감마,7828.94,25.2,0.32,8900.0,19960,7500.0,18231,8910.2,21333.0,7488.13,25799.0
2026-09-28,2026-09-28 23:46:11,7760.75,black76_scan,-293789218.0,네거티브 감마,7826.81,66.1,0.85,8900.0,22960,7500.0,18279,8909.44,24333.0,6562.79,30306.0
2026-09-29,2026-09-29 23:40:53,7744.5,black76_scan,-379856782.0,네거티브 감마,7830.18,85.7,1.11,8900.0,22960,7500.0,18324,8909.15,24334.0,6562.59,30475.0
2026-09-30,2026-09-30 21:29:04,7731.75,black76_scan,-395114534.0,네거티브 감마,7819.89,88.1,1.14,8900.0,19960,7500.0,18302,8071.25,26063.0,7486.78,25832.0
2026-10-01,2026-10-01 16:33:53,7724.75,black76_scan,-429069917.0,네거티브 감마,7820.88,96.1,1.24,8900.0,19960,7500.0,18486,8071.19,26358.0,7486.65,26111.0
2026-10-02,2026-10-02 16:20:49,7746.75,black76_scan,-206101884.0,네거티브 감마,7791.26,44.5,0.57,8900.0,19961,7500.0,18086,8062.17,27924.0,7487.55,25435.0
2026-10-03,2026-10-03 15:54:04,7777.25,black76_scan,-97402253.0,네거티브 감마,7797.22,20.0,0.26,8900.0,19961,7500.0,18086,8062.43,27925.0,7488.14,25435.0
2026-10-04,2026-10-04 16:15:49,7777.25,black76_scan,-104376494.0,네거티브 감마,7798.86,21.6,0.28,8900.0,19961,7500.0,18086,8062.43,27925.0,7488.14,25435.0
2026-10-05,2026-10-05 16:29:12,7766.75,black76_scan,-244484358.0,네거티브 감마,7816.65,49.9,0.64,8900.0,19981,7500.0,19452,8053.13,28434.0,7487.93,27151.0
2026-10-06,2026-10-06 16:55:32,7843.25,black76_scan,278089031.0,포지티브 감마,7790.71,-52.5,-0.67,8900.0,19981,7500.0,19071,8053.78,30447.0,7475.78,33293.0
2026-10-07,2026-10-07 16:33:50,7872.25,black76_scan,390601520.0,포지티브 감마,7801.48,-70.8,-0.9,8900.0,19981,7500.0,17717,8054.03,29665.0,7462.69,30162.0
2026-10-08,2026-10-08 16:50:35,7828.0,black76_scan,87201843.0,포지티브 감마,7812.52,-15.5,-0.2,8900.0,19981,7500.0,17756,8053.65,30437.0,7475.48,33056.0
