symbol,strike,type,openInterest,impliedVolatility,delta_barchart,gamma_barchart,theta_barchart,vega_barchart,expiration,spot,contract_multiplier,download_date_kst,download_datetime_kst
NQ,19500.0,call,250.0,0.5007,0.9609,0.0,-2.5733,10.2799,2026-12-28,30775.0,20.0,2026-09-22,2026-09-22 15:36:22
NQ,20000.0,call,74.0,0.4744,0.9601,0.0,-2.4882,10.513,2026-12-28,30775.0,20.0,2026-09-22,2026-09-22 15:36:22
NQ,20250.0,call,25.0,0.4618,0.9596,0.0,-2.4535,10.6584,2026-12-28,30775.0,20.0,2026-09-22,2026-09-22 15:36:22
NQ,21500.0,call,3.0,0.4043,0.956,0.0,-2.3552,11.7283,2026-12-28,30775.0,20.0,2026-09-22,2026-09-22 15:36:22
NQ,22000.0,call,5.0,0.384,0.9538,0.0,-2.3591,12.3799,2026-12-28,30775.0,20.0,2026-09-22,2026-09-22 15:36:22
NQ,22500.0,call,3.0,0.365,0.9509,0.0,-2.3896,13.1942,2026-12-28,30775.0,20.0,2026-09-22,2026-09-22 15:36:22
NQ,23000.0,call,8.0,0.3472999999999999,0.9472,0.0,-2.4489,14.2018,2026-12-28,30775.0,20.0,2026-09-22,2026-09-22 15:36:22
NQ,23500.0,call,4.0,0.3308,0.9427,0.0,-2.5383,15.432,2026-12-28,30775.0,20.0,2026-09-22,2026-09-22 15:36:22
NQ,24000.0,call,24.0,0.3155,0.937,0.0,-2.6625,16.9297,2026-12-28,30775.0,20.0,2026-09-22,2026-09-22 15:36:22
NQ,24500.0,call,6.0,0.3012,0.9298,0.0,-2.8238,18.7336,2026-12-28,30775.0,20.0,2026-09-22,2026-09-22 15:36:22
NQ,25000.0,call,16.0,0.2879,0.9209,0.0,-3.0225,20.8739,2026-12-28,30775.0,20.0,2026-09-22,2026-09-22 15:36:22
NQ,25500.0,call,60.0,0.2755,0.9099,0.0,-3.2643,23.4024,2026-12-28,30775.0,20.0,2026-09-22,2026-09-22 15:36:22
NQ,26000.0,call,134.0,0.2639,0.8962,0.0,-3.5506,26.349,2026-12-28,30775.0,20.0,2026-09-22,2026-09-22 15:36:22
NQ,26250.0,call,5.0,0.2584,0.8883,0.0,-3.7113,27.9885,2026-12-28,30775.0,20.0,2026-09-22,2026-09-22 15:36:22
NQ,26500.0,call,23.0,0.2485,0.8831,0.0,-3.7091,29.0144,2026-12-28,30775.0,20.0,2026-09-22,2026-09-22 15:36:22
NQ,27000.0,call,273.0,0.243,0.8587,0.0001,-4.2645,33.5781,2026-12-28,30775.0,20.0,2026-09-22,2026-09-22 15:36:22
NQ,27250.0,call,38.0,0.2382,0.8467,0.0001,-4.4727,35.6581,2026-12-28,30775.0,20.0,2026-09-22,2026-09-22 15:36:22
NQ,27500.0,call,41.0,0.2336,0.8335,0.0001,-4.689,37.8233,2026-12-28,30775.0,20.0,2026-09-22,2026-09-22 15:36:22
NQ,28000.0,call,867.0,0.2246999999999999,0.803,0.0001,-5.1516,42.3924,2026-12-28,30775.0,20.0,2026-09-22,2026-09-22 15:36:22
NQ,28500.0,call,181.0,0.2164,0.7666,0.0001,-5.6388,47.1266,2026-12-28,30775.0,20.0,2026-09-22,2026-09-22 15:36:22
NQ,28750.0,call,8.0,0.2125,0.746,0.0001,-5.8862,49.4867,2026-12-28,30775.0,20.0,2026-09-22,2026-09-22 15:36:22
NQ,29000.0,call,188.0,0.068,0.9494,0.0001,-0.3365,13.5985,2026-12-28,30775.0,20.0,2026-09-22,2026-09-22 15:36:22
NQ,29250.0,call,8.0,0.2051,0.6997,0.0001,-6.3804,54.0192,2026-12-28,30775.0,20.0,2026-09-22,2026-09-22 15:36:22
NQ,29500.0,call,174.0,0.2016,0.6739,0.0001,-6.6201,56.0992,2026-12-28,30775.0,20.0,2026-09-22,2026-09-22 15:36:22
NQ,29750.0,call,42.0,0.1982999999999999,0.6465,0.0001,-6.8497,57.9867,2026-12-28,30775.0,20.0,2026-09-22,2026-09-22 15:36:22
NQ,30000.0,call,393.0,0.1999,0.6155,0.0001,-7.2382,59.7223,2026-12-28,30775.0,20.0,2026-09-22,2026-09-22 15:36:22
NQ,30250.0,call,27.0,0.1921999999999999,0.5869,0.0001,-7.263,60.9666,2026-12-28,30775.0,20.0,2026-09-22,2026-09-22 15:36:22
NQ,30500.0,call,202.0,0.1951,0.5544,0.0001,-7.6359,61.9668,2026-12-28,30775.0,20.0,2026-09-22,2026-09-22 15:36:22
NQ,30750.0,call,90.0,0.177,0.5216,0.0001,-7.2528,62.5414,2026-12-28,30775.0,20.0,2026-09-22,2026-09-22 15:36:22
NQ,31000.0,call,797.0,0.188,0.4892,0.0001,-7.8257,62.6821,2026-12-28,30775.0,20.0,2026-09-22,2026-09-22 15:36:22
NQ,31250.0,call,57.0,0.1848999999999999,0.4553,0.0001,-7.8814,62.377,2026-12-28,30775.0,20.0,2026-09-22,2026-09-22 15:36:22
NQ,31500.0,call,841.0,0.1886,0.4248,0.0001,-8.116,61.7038,2026-12-28,30775.0,20.0,2026-09-22,2026-09-22 15:36:22
NQ,31750.0,call,40.0,0.1823,0.3888,0.0001,-7.9867,60.4207,2026-12-28,30775.0,20.0,2026-09-22,2026-09-22 15:36:22
NQ,32000.0,call,864.0,0.1795,0.3549,0.0001,-7.9292,58.7149,2026-12-28,30775.0,20.0,2026-09-22,2026-09-22 15:36:22
NQ,32250.0,call,31.0,0.1535,0.2928,0.0001,-7.0725,54.3031,2026-12-28,30775.0,20.0,2026-09-22,2026-09-22 15:36:22
NQ,32500.0,call,312.0,0.178,0.2933,0.0001,-7.8309,54.3436,2026-12-28,30775.0,20.0,2026-09-22,2026-09-22 15:36:22
NQ,32750.0,call,60.0,0.177,0.264,0.0001,-7.7167,51.6505,2026-12-28,30775.0,20.0,2026-09-22,2026-09-22 15:36:22
NQ,33000.0,call,1496.0,0.1765,0.2369,0.0001,-7.5932,48.7945,2026-12-28,30775.0,20.0,2026-09-22,2026-09-22 15:36:22
NQ,33250.0,call,95.0,0.1755,0.2108,0.0001,-7.4268,45.6767,2026-12-28,30775.0,20.0,2026-09-22,2026-09-22 15:36:22
NQ,33500.0,call,1177.0,0.1775,0.1908,0.0001,-7.3468,43.0348,2026-12-28,30775.0,20.0,2026-09-22,2026-09-22 15:36:22
NQ,33750.0,call,77.0,0.1682,0.1555,0.0001,-6.8415,37.793,2026-12-28,30775.0,20.0,2026-09-22,2026-09-22 15:36:22
NQ,34000.0,call,686.0,0.1717,0.1414,0.0001,-6.7864,35.4705,2026-12-28,30775.0,20.0,2026-09-22,2026-09-22 15:36:22
NQ,34250.0,call,22.0,0.1606,0.1071,0.0001,-6.1945,29.2093,2026-12-28,30775.0,20.0,2026-09-22,2026-09-22 15:36:22
NQ,34500.0,call,248.0,0.171,0.1068,0.0001,-6.3832,29.1479,2026-12-28,30775.0,20.0,2026-09-22,2026-09-22 15:36:22
NQ,34750.0,call,14.0,0.1717,0.0934,0.0001,-6.2184,26.4388,2026-12-28,30775.0,20.0,2026-09-22,2026-09-22 15:36:22
NQ,35000.0,call,547.0,0.1757999999999999,0.0859,0.0001,-6.1791,24.8411,2026-12-28,30775.0,20.0,2026-09-22,2026-09-22 15:36:22
NQ,35250.0,call,13.0,0.1747,0.0729,0.0,-5.9595,21.9564,2026-12-28,30775.0,20.0,2026-09-22,2026-09-22 15:36:22
NQ,35500.0,call,1157.0,0.1746,0.0627,0.0,-5.786,19.5271,2026-12-28,30775.0,20.0,2026-09-22,2026-09-22 15:36:22
NQ,35750.0,call,13.0,0.1672,0.0459,0.0,-5.3874,15.2609,2026-12-28,30775.0,20.0,2026-09-22,2026-09-22 15:36:22
NQ,36000.0,call,1307.0,0.1767999999999999,0.0478,0.0,-5.5396,15.7789,2026-12-28,30775.0,20.0,2026-09-22,2026-09-22 15:36:22
NQ,36500.0,call,132.0,0.1804,0.0376,0.0,-5.3699,12.9875,2026-12-28,30775.0,20.0,2026-09-22,2026-09-22 15:36:22
NQ,37000.0,call,248.0,0.1762,0.0242,0.0,-5.0284,9.0201,2026-12-28,30775.0,20.0,2026-09-22,2026-09-22 15:36:22
NQ,37500.0,call,176.0,0.1863,0.0227,0.0,-5.0829,8.5329,2026-12-28,30775.0,20.0,2026-09-22,2026-09-22 15:36:22
NQ,38000.0,call,457.0,0.1777,0.0123,0.0,-4.7585,5.0756,2026-12-28,30775.0,20.0,2026-09-22,2026-09-22 15:36:22
NQ,38500.0,call,37.0,0.1911,0.0133,0.0,-4.8878,5.4313,2026-12-28,30775.0,20.0,2026-09-22,2026-09-22 15:36:22
NQ,39000.0,call,274.0,0.1942,0.0105,0.0,-4.841,4.4241,2026-12-28,30775.0,20.0,2026-09-22,2026-09-22 15:36:22
NQ,39500.0,call,229.0,0.1976,0.0084,0.0,-4.813,3.6256,2026-12-28,30775.0,20.0,2026-09-22,2026-09-22 15:36:22
NQ,40000.0,call,502.0,0.2016,0.0069,0.0,-4.809,3.0548,2026-12-28,30775.0,20.0,2026-09-22,2026-09-22 15:36:22
NQ,40500.0,call,49.0,0.2054,0.0057,0.0,-4.8115,2.5678,2026-12-28,30775.0,20.0,2026-09-22,2026-09-22 15:36:22
NQ,41000.0,call,345.0,0.2092,0.0047,0.0,-4.822,2.1665,2026-12-28,30775.0,20.0,2026-09-22,2026-09-22 15:36:22
NQ,41500.0,call,82.0,0.2135,0.004,0.0,-4.8444,1.8706,2026-12-28,30775.0,20.0,2026-09-22,2026-09-22 15:36:22
NQ,42000.0,call,210.0,0.2132,0.0028,0.0,-4.8362,1.3795,2026-12-28,30775.0,20.0,2026-09-22,2026-09-22 15:36:22
NQ,42500.0,call,93.0,0.2203999999999999,0.0028,0.0,-4.8917,1.3428,2026-12-28,30775.0,20.0,2026-09-22,2026-09-22 15:36:22
NQ,43000.0,call,98.0,0.2243,0.0023,0.0,-4.9254,1.164,2026-12-28,30775.0,20.0,2026-09-22,2026-09-22 15:36:22
NQ,43500.0,call,94.0,0.2285,0.002,0.0,-4.9638,1.0252,2026-12-28,30775.0,20.0,2026-09-22,2026-09-22 15:36:22
NQ,44000.0,call,343.0,0.2321,0.0017,0.0,-5.0017,0.8889,2026-12-28,30775.0,20.0,2026-09-22,2026-09-22 15:36:22
NQ,5000.0,put,3.0,0.0,0.0,0.0,0.0,0.0,2026-12-28,30775.0,20.0,2026-09-22,2026-09-22 15:36:22
NQ,5500.0,put,20.0,0.0,0.0,0.0,0.0,0.0,2026-12-28,30775.0,20.0,2026-09-22,2026-09-22 15:36:22
NQ,6000.0,put,39.0,0.9927,-0.0003,0.0,-0.0765,0.1613,2026-12-28,30775.0,20.0,2026-09-22,2026-09-22 15:36:22
NQ,6500.0,put,116.0,0.9447,-0.0003,0.0,-0.0762,0.1694,2026-12-28,30775.0,20.0,2026-09-22,2026-09-22 15:36:22
NQ,7000.0,put,51.0,0.9003,-0.0003,0.0,-0.0758,0.1776,2026-12-28,30775.0,20.0,2026-09-22,2026-09-22 15:36:22
NQ,7500.0,put,171.0,0.8592,-0.0003,0.0,-0.0754,0.1859,2026-12-28,30775.0,20.0,2026-09-22,2026-09-22 15:36:22
NQ,8000.0,put,175.0,0.8207,-0.0003,0.0,-0.075,0.1944,2026-12-28,30775.0,20.0,2026-09-22,2026-09-22 15:36:22
NQ,9000.0,put,5.0,0.7508,-0.0004,0.0,-0.0741,0.2118,2026-12-28,30775.0,20.0,2026-09-22,2026-09-22 15:36:22
NQ,9500.0,put,85.0,0.7231000000000001,-0.0004,0.0,-0.0788,0.2347,2026-12-28,30775.0,20.0,2026-09-22,2026-09-22 15:36:22
NQ,10000.0,put,176.0,0.7152,-0.0006,0.0,-0.1107,0.3329,2026-12-28,30775.0,20.0,2026-09-22,2026-09-22 15:36:22
NQ,10500.0,put,162.0,0.6793,-0.0006,0.0,-0.1001,0.3192,2026-12-28,30775.0,20.0,2026-09-22,2026-09-22 15:36:22
NQ,11000.0,put,49.0,0.6607999999999999,-0.0007,0.0,-0.1163,0.3816,2026-12-28,30775.0,20.0,2026-09-22,2026-09-22 15:36:22
NQ,11500.0,put,36.0,0.6461,-0.0009,0.0,-0.1409,0.4736,2026-12-28,30775.0,20.0,2026-09-22,2026-09-22 15:36:22
NQ,12000.0,put,846.0,0.6289,-0.0011,0.0,-0.1622,0.5612,2026-12-28,30775.0,20.0,2026-09-22,2026-09-22 15:36:22
NQ,12500.0,put,80.0,0.619,-0.0014,0.0,-0.2061,0.724,2026-12-28,30775.0,20.0,2026-09-22,2026-09-22 15:36:22
NQ,13000.0,put,97.0,0.6057,-0.0017,0.0,-0.2455,0.8822,2026-12-28,30775.0,20.0,2026-09-22,2026-09-22 15:36:22
NQ,13500.0,put,186.0,0.5908,-0.0021,0.0,-0.283,1.044,2026-12-28,30775.0,20.0,2026-09-22,2026-09-22 15:36:22
NQ,14000.0,put,328.0,0.5770000000000001,-0.0025,0.0,-0.3281,1.2411,2026-12-28,30775.0,20.0,2026-09-22,2026-09-22 15:36:22
NQ,14500.0,put,265.0,0.5638000000000001,-0.003,0.0,-0.3801,1.4733,2026-12-28,30775.0,20.0,2026-09-22,2026-09-22 15:36:22
NQ,15000.0,put,130.0,0.5494,-0.0036,0.0,-0.4295,1.7114,2026-12-28,30775.0,20.0,2026-09-22,2026-09-22 15:36:22
NQ,15500.0,put,63.0,0.5354,-0.0043,0.0,-0.4848,1.9858,2026-12-28,30775.0,20.0,2026-09-22,2026-09-22 15:36:22
NQ,16000.0,put,241.0,0.5205,-0.0049,0.0,-0.5373,2.2685,2026-12-28,30775.0,20.0,2026-09-22,2026-09-22 15:36:22
NQ,16500.0,put,77.0,0.507,-0.0058,0.0,-0.6028,2.6176,2026-12-28,30775.0,20.0,2026-09-22,2026-09-22 15:36:22
NQ,17000.0,put,81.0,0.4927,-0.0067,0.0,-0.6647,2.9774,2026-12-28,30775.0,20.0,2026-09-22,2026-09-22 15:36:22
NQ,17500.0,put,172.0,0.4785,-0.0077,0.0,-0.7304,3.3774,2026-12-28,30775.0,20.0,2026-09-22,2026-09-22 15:36:22
NQ,17750.0,put,5.0,0.4718,-0.0083,0.0,-0.769,3.6099,2026-12-28,30775.0,20.0,2026-09-22,2026-09-22 15:36:22
NQ,18000.0,put,302.0,0.465,-0.009,0.0,-0.8064,3.846,2026-12-28,30775.0,20.0,2026-09-22,2026-09-22 15:36:22
NQ,18500.0,put,137.0,0.4513,-0.0104,0.0,-0.8845,4.3573,2026-12-28,30775.0,20.0,2026-09-22,2026-09-22 15:36:22
NQ,18750.0,put,10.0,0.445,-0.0112,0.0,-0.9316,4.6591,2026-12-28,30775.0,20.0,2026-09-22,2026-09-22 15:36:22
NQ,19000.0,put,750.0,0.4379999999999999,-0.012,0.0,-0.9706,4.9393,2026-12-28,30775.0,20.0,2026-09-22,2026-09-22 15:36:22
NQ,19250.0,put,2.0,0.4313,-0.0128,0.0,-1.0147,5.2507,2026-12-28,30775.0,20.0,2026-09-22,2026-09-22 15:36:22
NQ,19500.0,put,324.0,0.4249,-0.0138,0.0,-1.0634,5.5932,2026-12-28,30775.0,20.0,2026-09-22,2026-09-22 15:36:22
NQ,19750.0,put,5.0,0.4183,-0.0148,0.0,-1.1103,5.9413,2026-12-28,30775.0,20.0,2026-09-22,2026-09-22 15:36:22
NQ,20000.0,put,421.0,0.4122,-0.016,0.0,-1.1674,6.3458,2026-12-28,30775.0,20.0,2026-09-22,2026-09-22 15:36:22
NQ,20250.0,put,26.0,0.4059,-0.0172,0.0,-1.2223,6.7561,2026-12-28,30775.0,20.0,2026-09-22,2026-09-22 15:36:22
NQ,20500.0,put,401.0,0.3979999999999999,-0.0182,0.0,-1.2521,7.0747,2026-12-28,30775.0,20.0,2026-09-22,2026-09-22 15:36:22
NQ,20750.0,put,5.0,0.392,-0.0196,0.0,-1.3143,7.5488,2026-12-28,30775.0,20.0,2026-09-22,2026-09-22 15:36:22
NQ,21000.0,put,759.0,0.382,-0.0202,0.0,-1.3078,7.7374,2026-12-28,30775.0,20.0,2026-09-22,2026-09-22 15:36:22
NQ,21500.0,put,399.0,0.3724,-0.0241,0.0,-1.4797,8.9933,2026-12-28,30775.0,20.0,2026-09-22,2026-09-22 15:36:22
NQ,21750.0,put,10.0,0.3671999999999999,-0.0262,0.0,-1.5621,9.6402,2026-12-28,30775.0,20.0,2026-09-22,2026-09-22 15:36:22
NQ,22000.0,put,577.0,0.3581,-0.0273,0.0,-1.5708,9.9739,2026-12-28,30775.0,20.0,2026-09-22,2026-09-22 15:36:22
NQ,22250.0,put,15.0,0.3535999999999999,-0.0299,0.0,-1.6712,10.7553,2026-12-28,30775.0,20.0,2026-09-22,2026-09-22 15:36:22
NQ,22500.0,put,544.0,0.3509,-0.0334,0.0,-1.8177,11.7794,2026-12-28,30775.0,20.0,2026-09-22,2026-09-22 15:36:22
NQ,22750.0,put,10.0,0.341,-0.0345,0.0,-1.8055,12.0959,2026-12-28,30775.0,20.0,2026-09-22,2026-09-22 15:36:22
NQ,23000.0,put,646.0,0.3371,-0.038,0.0,-1.9316,13.0926,2026-12-28,30775.0,20.0,2026-09-22,2026-09-22 15:36:22
NQ,23250.0,put,5.0,0.3288,-0.0399,0.0,-1.955,13.6363,2026-12-28,30775.0,20.0,2026-09-22,2026-09-22 15:36:22
NQ,23500.0,put,295.0,0.3228,-0.043,0.0,-2.0353,14.4884,2026-12-28,30775.0,20.0,2026-09-22,2026-09-22 15:36:22
NQ,23750.0,put,10.0,0.3167999999999999,-0.0464,0.0,-2.1185,15.3942,2026-12-28,30775.0,20.0,2026-09-22,2026-09-22 15:36:22
NQ,24000.0,put,492.0,0.3139,-0.0515,0.0,-2.2826,16.7376,2026-12-28,30775.0,20.0,2026-09-22,2026-09-22 15:36:22
NQ,24250.0,put,12.0,0.3087999999999999,-0.0559,0.0,-2.3933,17.8683,2026-12-28,30775.0,20.0,2026-09-22,2026-09-22 15:36:22
NQ,24500.0,put,354.0,0.2993,-0.0583,0.0,-2.385,18.467,2026-12-28,30775.0,20.0,2026-09-22,2026-09-22 15:36:22
NQ,24750.0,put,31.0,0.2937,-0.0632,0.0,-2.4861,19.6547,2026-12-28,30775.0,20.0,2026-09-22,2026-09-22 15:36:22
NQ,25000.0,put,794.0,0.2887,-0.0688,0.0,-2.606,20.993,2026-12-28,30775.0,20.0,2026-09-22,2026-09-22 15:36:22
NQ,25250.0,put,7.0,0.2826,-0.0742,0.0,-2.6951,22.2405,2026-12-28,30775.0,20.0,2026-09-22,2026-09-22 15:36:22
NQ,25500.0,put,396.0,0.2768,-0.0802,0.0,-2.7942,23.6026,2026-12-28,30775.0,20.0,2026-09-22,2026-09-22 15:36:22
NQ,25750.0,put,63.0,0.272,-0.0874,0.0,-2.9223,25.178,2026-12-28,30775.0,20.0,2026-09-22,2026-09-22 15:36:22
NQ,26000.0,put,2023.0,0.2653999999999999,-0.0941,0.0,-3.001,26.5846,2026-12-28,30775.0,20.0,2026-09-22,2026-09-22 15:36:22
NQ,26250.0,put,108.0,0.2617,-0.1035,0.0,-3.1672,28.4946,2026-12-28,30775.0,20.0,2026-09-22,2026-09-22 15:36:22
NQ,26500.0,put,411.0,0.2569,-0.1129,0.0,-3.3027,30.3325,2026-12-28,30775.0,20.0,2026-09-22,2026-09-22 15:36:22
NQ,26750.0,put,341.0,0.2534,-0.1241,0.0001,-3.4779,32.432,2026-12-28,30775.0,20.0,2026-09-22,2026-09-22 15:36:22
NQ,27000.0,put,711.0,0.244,-0.1313,0.0001,-3.4584,33.729,2026-12-28,30775.0,20.0,2026-09-22,2026-09-22 15:36:22
NQ,27250.0,put,327.0,0.2471999999999999,-0.1503,0.0001,-3.8554,36.9467,2026-12-28,30775.0,20.0,2026-09-22,2026-09-22 15:36:22
NQ,27500.0,put,675.0,0.238,-0.1597,0.0001,-3.8353,38.4516,2026-12-28,30775.0,20.0,2026-09-22,2026-09-22 15:36:22
NQ,27750.0,put,78.0,0.2361,-0.1765,0.0001,-4.0541,41.0062,2026-12-28,30775.0,20.0,2026-09-22,2026-09-22 15:36:22
NQ,28000.0,put,2377.0,0.2271999999999999,-0.1884,0.0001,-4.0296,42.7012,2026-12-28,30775.0,20.0,2026-09-22,2026-09-22 15:36:22
NQ,28250.0,put,25.0,0.2232999999999999,-0.206,0.0001,-4.1648,45.0685,2026-12-28,30775.0,20.0,2026-09-22,2026-09-22 15:36:22
NQ,28500.0,put,874.0,0.2196,-0.2253,0.0001,-4.296,47.4514,2026-12-28,30775.0,20.0,2026-09-22,2026-09-22 15:36:22
NQ,28750.0,put,228.0,0.2148999999999999,-0.2452,0.0001,-4.3803,49.7069,2026-12-28,30775.0,20.0,2026-09-22,2026-09-22 15:36:22
NQ,29000.0,put,357.0,0.2134,-0.2692,0.0001,-4.5523,52.1588,2026-12-28,30775.0,20.0,2026-09-22,2026-09-22 15:36:22
NQ,29250.0,put,375.0,0.2264,-0.3036,0.0001,-5.1644,55.1912,2026-12-28,30775.0,20.0,2026-09-22,2026-09-22 15:36:22
NQ,29500.0,put,760.0,0.2032999999999999,-0.3164,0.0001,-4.5942,56.1803,2026-12-28,30775.0,20.0,2026-09-22,2026-09-22 15:36:22
NQ,29750.0,put,19.0,0.2034,-0.3454,0.0001,-4.739,58.1534,2026-12-28,30775.0,20.0,2026-09-22,2026-09-22 15:36:22
NQ,30000.0,put,786.0,0.1979,-0.3729,0.0001,-4.6735,59.6835,2026-12-28,30775.0,20.0,2026-09-22,2026-09-22 15:36:22
NQ,30250.0,put,11.0,0.1981,-0.4039,0.0001,-4.7496,61.024,2026-12-28,30775.0,20.0,2026-09-22,2026-09-22 15:36:22
NQ,30500.0,put,62.0,0.1939,-0.4347,0.0001,-4.6506,61.9638,2026-12-28,30775.0,20.0,2026-09-22,2026-09-22 15:36:22
NQ,30750.0,put,12.0,0.1852,-0.4672,0.0001,-4.3665,62.5367,2026-12-28,30775.0,20.0,2026-09-22,2026-09-22 15:36:22
NQ,31000.0,put,82.0,0.2044,-0.4963,0.0001,-4.9212,62.6873,2026-12-28,30775.0,20.0,2026-09-22,2026-09-22 15:36:22
NQ,31500.0,put,44.0,0.2098,-0.5534,0.0001,-4.8844,61.9914,2026-12-28,30775.0,20.0,2026-09-22,2026-09-22 15:36:22
NQ,32000.0,put,40.0,0.1828999999999999,-0.6312,0.0001,-3.5738,58.8913,2026-12-28,30775.0,20.0,2026-09-22,2026-09-22 15:36:22
NQ,32500.0,put,9.0,0.181,-0.6926,0.0001,-2.9486,54.6147,2026-12-28,30775.0,20.0,2026-09-22,2026-09-22 15:36:22
NQ,33000.0,put,18.0,0.1808,-0.7463,0.0001,-2.2858,49.4539,2026-12-28,30775.0,20.0,2026-09-22,2026-09-22 15:36:22
NQ,33500.0,put,7.0,0.1816,-0.7925,0.0001,-1.5985,43.838,2026-12-28,30775.0,20.0,2026-09-22,2026-09-22 15:36:22
NQ,34000.0,put,19.0,0.1838,-0.8301,0.0001,-0.9495,38.3632,2026-12-28,30775.0,20.0,2026-09-22,2026-09-22 15:36:22
NQ,34500.0,put,1.0,0.1873999999999999,-0.8596,0.0001,-0.3738,33.4282,2026-12-28,30775.0,20.0,2026-09-22,2026-09-22 15:36:22
NQ,35000.0,put,8.0,0.1925,-0.8817,0.0001,0.1031,29.286,2026-12-28,30775.0,20.0,2026-09-22,2026-09-22 15:36:22
ES,4750.0,call,1.0,0.5611,0.9592,0.0,-0.7746,2.7439,2026-12-28,7835.75,50.0,2026-09-22,2026-09-22 15:36:22
ES,5000.0,call,20.0,0.5021,0.9585,0.0,-0.7033,2.7959,2026-12-28,7835.75,50.0,2026-09-22,2026-09-22 15:36:22
ES,5150.0,call,3.0,0.4682,0.9581,0.0,-0.6604,2.824,2026-12-28,7835.75,50.0,2026-09-22,2026-09-22 15:36:22
ES,5200.0,call,153.0,0.4571,0.958,0.0,-0.646,2.8328,2026-12-28,7835.75,50.0,2026-09-22,2026-09-22 15:36:22
ES,5250.0,call,325.0,0.447,0.9577,0.0,-0.6369,2.8581,2026-12-28,7835.75,50.0,2026-09-22,2026-09-22 15:36:22
ES,5300.0,call,100.0,0.4361,0.9576,0.0,-0.6225,2.8667,2026-12-28,7835.75,50.0,2026-09-22,2026-09-22 15:36:22
ES,5350.0,call,29.0,0.4261999999999999,0.9572,0.0,-0.6133,2.8926,2026-12-28,7835.75,50.0,2026-09-22,2026-09-22 15:36:22
ES,5400.0,call,841.0,0.4164,0.9569,0.0,-0.6042,2.9191,2026-12-28,7835.75,50.0,2026-09-22,2026-09-22 15:36:22
ES,5500.0,call,241.0,0.3971,0.9561,0.0,-0.5857,2.9736,2026-12-28,7835.75,50.0,2026-09-22,2026-09-22 15:36:22
ES,5550.0,call,20.0,0.3875,0.9558,0.0,-0.5765,3.0019,2026-12-28,7835.75,50.0,2026-09-22,2026-09-22 15:36:22
ES,5600.0,call,240.0,0.3789,0.9551,0.0,-0.5724,3.0503,2026-12-28,7835.75,50.0,2026-09-22,2026-09-22 15:36:22
ES,5650.0,call,44.0,0.3695,0.9547,0.0001,-0.5631,3.0803,2026-12-28,7835.75,50.0,2026-09-22,2026-09-22 15:36:22
ES,5700.0,call,71.0,0.361,0.954,0.0001,-0.5588,3.1313,2026-12-28,7835.75,50.0,2026-09-22,2026-09-22 15:36:22
ES,5750.0,call,11.0,0.3525999999999999,0.9533,0.0001,-0.5546,3.1839,2026-12-28,7835.75,50.0,2026-09-22,2026-09-22 15:36:22
ES,5800.0,call,208.0,0.3442,0.9525,0.0001,-0.5502,3.2383,2026-12-28,7835.75,50.0,2026-09-22,2026-09-22 15:36:22
ES,5850.0,call,223.0,0.3365999999999999,0.9514,0.0001,-0.5508,3.3155,2026-12-28,7835.75,50.0,2026-09-22,2026-09-22 15:36:22
ES,5900.0,call,203.0,0.3283,0.9506,0.0001,-0.5463,3.3738,2026-12-28,7835.75,50.0,2026-09-22,2026-09-22 15:36:22
ES,5950.0,call,39.0,0.3208,0.9495,0.0001,-0.5466,3.4558,2026-12-28,7835.75,50.0,2026-09-22,2026-09-22 15:36:22
ES,6000.0,call,1735.0,0.3132999999999999,0.9483,0.0001,-0.5468,3.5405,2026-12-28,7835.75,50.0,2026-09-22,2026-09-22 15:36:22
ES,6050.0,call,185.0,0.3065,0.9467,0.0001,-0.5516,3.6499,2026-12-28,7835.75,50.0,2026-09-22,2026-09-22 15:36:22
ES,6100.0,call,329.0,0.299,0.9454,0.0001,-0.5514,3.7407,2026-12-28,7835.75,50.0,2026-09-22,2026-09-22 15:36:22
ES,6150.0,call,76.0,0.2922,0.9437,0.0001,-0.5557,3.8569,2026-12-28,7835.75,50.0,2026-09-22,2026-09-22 15:36:22
ES,6200.0,call,862.0,0.2854,0.9419,0.0001,-0.5597,3.9767,2026-12-28,7835.75,50.0,2026-09-22,2026-09-22 15:36:22
ES,6250.0,call,202.0,0.2792,0.9397,0.0001,-0.568,4.1227,2026-12-28,7835.75,50.0,2026-09-22,2026-09-22 15:36:22
ES,6300.0,call,1017.0,0.2728,0.9375,0.0001,-0.5759,4.2729,2026-12-28,7835.75,50.0,2026-09-22,2026-09-22 15:36:22
ES,6350.0,call,192.0,0.2664999999999999,0.9351,0.0001,-0.5833,4.4276,2026-12-28,7835.75,50.0,2026-09-22,2026-09-22 15:36:22
ES,6400.0,call,453.0,0.2606,0.9323,0.0001,-0.5946,4.609,2026-12-28,7835.75,50.0,2026-09-22,2026-09-22 15:36:22
ES,6450.0,call,152.0,0.2541,0.9297,0.0001,-0.601,4.7736,2026-12-28,7835.75,50.0,2026-09-22,2026-09-22 15:36:22
ES,6500.0,call,2718.0,0.2485,0.9262,0.0001,-0.6153,4.9868,2026-12-28,7835.75,50.0,2026-09-22,2026-09-22 15:36:22
ES,6550.0,call,75.0,0.2423,0.923,0.0001,-0.6247,5.1842,2026-12-28,7835.75,50.0,2026-09-22,2026-09-22 15:36:22
ES,6600.0,call,99.0,0.237,0.9189,0.0001,-0.6415,5.4297,2026-12-28,7835.75,50.0,2026-09-22,2026-09-22 15:36:22
ES,6650.0,call,363.0,0.2314999999999999,0.9146,0.0002,-0.6573,5.6808,2026-12-28,7835.75,50.0,2026-09-22,2026-09-22 15:36:22
ES,6700.0,call,1264.0,0.2257999999999999,0.9101,0.0002,-0.672,5.9381,2026-12-28,7835.75,50.0,2026-09-22,2026-09-22 15:36:22
ES,6750.0,call,4105.0,0.2207,0.9047,0.0002,-0.6931,6.2415,2026-12-28,7835.75,50.0,2026-09-22,2026-09-22 15:36:22
ES,6800.0,call,836.0,0.2155,0.8991,0.0002,-0.7128,6.5506,2026-12-28,7835.75,50.0,2026-09-22,2026-09-22 15:36:22
ES,6850.0,call,209.0,0.2104,0.8928,0.0002,-0.7346,6.8847,2026-12-28,7835.75,50.0,2026-09-22,2026-09-22 15:36:22
ES,6900.0,call,2252.0,0.1979,0.8934,0.0002,-0.6854,6.8522,2026-12-28,7835.75,50.0,2026-09-22,2026-09-22 15:36:22
ES,6950.0,call,636.0,0.2007999999999999,0.8779,0.0002,-0.7863,7.6405,2026-12-28,7835.75,50.0,2026-09-22,2026-09-22 15:36:22
ES,7000.0,call,6641.0,0.1957999999999999,0.8695,0.0003,-0.8122,8.0425,2026-12-28,7835.75,50.0,2026-09-22,2026-09-22 15:36:22
ES,7050.0,call,224.0,0.1909,0.8604,0.0003,-0.8389,8.4652,2026-12-28,7835.75,50.0,2026-09-22,2026-09-22 15:36:22
ES,7100.0,call,2711.0,0.1862,0.8501,0.0003,-0.8689,8.9216,2026-12-28,7835.75,50.0,2026-09-22,2026-09-22 15:36:22
ES,7150.0,call,1028.0,0.1817,0.8387,0.0003,-0.9016,9.4077,2026-12-28,7835.75,50.0,2026-09-22,2026-09-22 15:36:22
ES,7200.0,call,4363.0,0.177,0.8263,0.0003,-0.9335,9.907,2026-12-28,7835.75,50.0,2026-09-22,2026-09-22 15:36:22
ES,7250.0,call,610.0,0.1726,0.8124,0.0004,-0.9696,10.4402,2026-12-28,7835.75,50.0,2026-09-22,2026-09-22 15:36:22
ES,7300.0,call,3459.0,0.1682,0.7972,0.0004,-1.0062,10.9892,2026-12-28,7835.75,50.0,2026-09-22,2026-09-22 15:36:22
ES,7350.0,call,1955.0,0.1637,0.7805,0.0004,-1.0427,11.5492,2026-12-28,7835.75,50.0,2026-09-22,2026-09-22 15:36:22
ES,7375.0,call,2.0,0.113,0.8492,0.0005,-0.518,8.9605,2026-12-28,7835.75,50.0,2026-09-22,2026-09-22 15:36:22
ES,7400.0,call,3509.0,0.1137,0.8344,0.0005,-0.568,9.5828,2026-12-28,7835.75,50.0,2026-09-22,2026-09-22 15:36:22
ES,7425.0,call,1.0,0.1208,0.807,0.0005,-0.6917,10.6383,2026-12-28,7835.75,50.0,2026-09-22,2026-09-22 15:36:22
ES,7450.0,call,1341.0,0.1077999999999999,0.8176,0.0006,-0.5851,10.2451,2026-12-28,7835.75,50.0,2026-09-22,2026-09-22 15:36:22
ES,7475.0,call,57.0,0.1314,0.7599,0.0006,-0.9023,12.1902,2026-12-28,7835.75,50.0,2026-09-22,2026-09-22 15:36:22
ES,7500.0,call,3016.0,0.1191,0.7643,0.0006,-0.8067,12.0577,2026-12-28,7835.75,50.0,2026-09-22,2026-09-22 15:36:22
ES,7525.0,call,30.0,0.1202,0.7459,0.0006,-0.8651,12.5895,2026-12-28,7835.75,50.0,2026-09-22,2026-09-22 15:36:22
ES,7550.0,call,2683.0,0.1278,0.718,0.0006,-0.9948,13.3159,2026-12-28,7835.75,50.0,2026-09-22,2026-09-22 15:36:22
ES,7575.0,call,31.0,0.1172,0.7159,0.0007,-0.9214,13.3657,2026-12-28,7835.75,50.0,2026-09-22,2026-09-22 15:36:22
ES,7600.0,call,3068.0,0.1446,0.6664,0.0006,-1.2591,14.4083,2026-12-28,7835.75,50.0,2026-09-22,2026-09-22 15:36:22
ES,7625.0,call,19.0,0.1157,0.6808,0.0007,-0.9942,14.1356,2026-12-28,7835.75,50.0,2026-09-22,2026-09-22 15:36:22
ES,7650.0,call,1749.0,0.111,0.667,0.0008,-0.9874,14.3977,2026-12-28,7835.75,50.0,2026-09-22,2026-09-22 15:36:22
ES,7675.0,call,277.0,0.1384,0.6223,0.0007,-1.3133,15.1026,2026-12-28,7835.75,50.0,2026-09-22,2026-09-22 15:36:22
ES,7700.0,call,4809.0,0.1352,0.607,0.0007,-1.3193,15.2934,2026-12-28,7835.75,50.0,2026-09-22,2026-09-22 15:36:22
ES,7725.0,call,256.0,0.1351,0.5894,0.0007,-1.354,15.4827,2026-12-28,7835.75,50.0,2026-09-22,2026-09-22 15:36:22
ES,7750.0,call,4636.0,0.134,0.5719,0.0007,-1.3783,15.638,2026-12-28,7835.75,50.0,2026-09-22,2026-09-22 15:36:22
ES,7775.0,call,411.0,0.1289,0.555,0.0007,-1.3632,15.7573,2026-12-28,7835.75,50.0,2026-09-22,2026-09-22 15:36:22
ES,7800.0,call,3337.0,0.1326,0.5357,0.0007,-1.4296,15.8581,2026-12-28,7835.75,50.0,2026-09-22,2026-09-22 15:36:22
ES,7825.0,call,74.0,0.1056,0.5169,0.0009,-1.2132,15.9191,2026-12-28,7835.75,50.0,2026-09-22,2026-09-22 15:36:22
ES,7850.0,call,2535.0,0.1311,0.4986,0.0007,-1.472,15.9438,2026-12-28,7835.75,50.0,2026-09-22,2026-09-22 15:36:22
ES,7875.0,call,114.0,0.1117,0.4732,0.0009,-1.3285,15.9212,2026-12-28,7835.75,50.0,2026-09-22,2026-09-22 15:36:22
ES,7900.0,call,7074.0,0.1271,0.4597,0.0008,-1.486,15.8823,2026-12-28,7835.75,50.0,2026-09-22,2026-09-22 15:36:22
ES,7925.0,call,520.0,0.1256,0.4399,0.0008,-1.4943,15.791,2026-12-28,7835.75,50.0,2026-09-22,2026-09-22 15:36:22
ES,7950.0,call,2771.0,0.1241,0.4197,0.0008,-1.5005,15.6569,2026-12-28,7835.75,50.0,2026-09-22,2026-09-22 15:36:22
ES,7975.0,call,436.0,0.1219,0.3988,0.0008,-1.4991,15.472,2026-12-28,7835.75,50.0,2026-09-22,2026-09-22 15:36:22
ES,8000.0,call,8674.0,0.1207,0.3784,0.0008,-1.5033,15.2488,2026-12-28,7835.75,50.0,2026-09-22,2026-09-22 15:36:22
ES,8025.0,call,45.0,0.1177999999999999,0.3559,0.0008,-1.4915,14.9495,2026-12-28,7835.75,50.0,2026-09-22,2026-09-22 15:36:22
ES,8050.0,call,3878.0,0.1196,0.3397,0.0008,-1.5148,14.6997,2026-12-28,7835.75,50.0,2026-09-22,2026-09-22 15:36:22
ES,8075.0,call,100.0,0.1185,0.3199,0.0007,-1.5129,14.356,2026-12-28,7835.75,50.0,2026-09-22,2026-09-22 15:36:22
ES,8100.0,call,10266.0,0.1177999999999999,0.301,0.0007,-1.5113,13.9843,2026-12-28,7835.75,50.0,2026-09-22,2026-09-22 15:36:22
ES,8125.0,call,291.0,0.1171,0.2824,0.0007,-1.5075,13.5792,2026-12-28,7835.75,50.0,2026-09-22,2026-09-22 15:36:22
ES,8150.0,call,2760.0,0.1169999999999999,0.2627,0.0007,-1.5051,13.0994,2026-12-28,7835.75,50.0,2026-09-22,2026-09-22 15:36:22
ES,8175.0,call,109.0,0.1142,0.2434,0.0007,-1.481,12.5939,2026-12-28,7835.75,50.0,2026-09-22,2026-09-22 15:36:22
ES,8200.0,call,7169.0,0.1158,0.2309,0.0006,-1.4891,12.2349,2026-12-28,7835.75,50.0,2026-09-22,2026-09-22 15:36:22
ES,8225.0,call,112.0,0.1128999999999999,0.2095,0.0006,-1.4591,11.5774,2026-12-28,7835.75,50.0,2026-09-22,2026-09-22 15:36:22
ES,8250.0,call,2268.0,0.1144,0.1982,0.0006,-1.4627,11.2008,2026-12-28,7835.75,50.0,2026-09-22,2026-09-22 15:36:22
ES,8275.0,call,70.0,0.1131,0.1814,0.0006,-1.4422,10.6114,2026-12-28,7835.75,50.0,2026-09-22,2026-09-22 15:36:22
ES,8300.0,call,5128.0,0.1139,0.1698,0.0005,-1.4369,10.1777,2026-12-28,7835.75,50.0,2026-09-22,2026-09-22 15:36:22
ES,8325.0,call,89.0,0.1151,0.16,0.0005,-1.435,9.7954,2026-12-28,7835.75,50.0,2026-09-22,2026-09-22 15:36:22
ES,8350.0,call,1721.0,0.1132,0.1439,0.0005,-1.4054,9.1307,2026-12-28,7835.75,50.0,2026-09-22,2026-09-22 15:36:22
ES,8375.0,call,107.0,0.1151,0.1368,0.0005,-1.4068,8.8216,2026-12-28,7835.75,50.0,2026-09-22,2026-09-22 15:36:22
ES,8400.0,call,4490.0,0.1139,0.1235,0.0004,-1.381,8.2192,2026-12-28,7835.75,50.0,2026-09-22,2026-09-22 15:36:22
ES,8425.0,call,412.0,0.1125,0.1105,0.0004,-1.3533,7.5991,2026-12-28,7835.75,50.0,2026-09-22,2026-09-22 15:36:22
ES,8450.0,call,1986.0,0.1127,0.1016,0.0004,-1.3388,7.1524,2026-12-28,7835.75,50.0,2026-09-22,2026-09-22 15:36:22
ES,8475.0,call,168.0,0.1124,0.0923,0.0004,-1.3196,6.6639,2026-12-28,7835.75,50.0,2026-09-22,2026-09-22 15:36:22
ES,8500.0,call,12042.0,0.1138,0.0869,0.0003,-1.3148,6.374,2026-12-28,7835.75,50.0,2026-09-22,2026-09-22 15:36:22
ES,8550.0,call,2086.0,0.113,0.0707,0.0003,-1.275,5.4516,2026-12-28,7835.75,50.0,2026-09-22,2026-09-22 15:36:22
ES,8600.0,call,4141.0,0.1134999999999999,0.0591,0.0003,-1.2473,4.743,2026-12-28,7835.75,50.0,2026-09-22,2026-09-22 15:36:22
ES,8650.0,call,1751.0,0.1132,0.0478,0.0002,-1.2144,4.0134,2026-12-28,7835.75,50.0,2026-09-22,2026-09-22 15:36:22
ES,8700.0,call,3822.0,0.1166,0.0435,0.0002,-1.211,3.7153,2026-12-28,7835.75,50.0,2026-09-22,2026-09-22 15:36:22
ES,8750.0,call,1019.0,0.1169999999999999,0.0359,0.0002,-1.1865,3.1784,2026-12-28,7835.75,50.0,2026-09-22,2026-09-22 15:36:22
ES,8800.0,call,3091.0,0.1177999999999999,0.0299,0.0001,-1.1669,2.7363,2026-12-28,7835.75,50.0,2026-09-22,2026-09-22 15:36:22
ES,8850.0,call,956.0,0.1193,0.0257,0.0001,-1.1544,2.4092,2026-12-28,7835.75,50.0,2026-09-22,2026-09-22 15:36:22
ES,8900.0,call,19920.0,0.1208,0.0219,0.0001,-1.1426,2.112,2026-12-28,7835.75,50.0,2026-09-22,2026-09-22 15:36:22
ES,8950.0,call,315.0,0.1216,0.0183,0.0001,-1.1289,1.8099,2026-12-28,7835.75,50.0,2026-09-22,2026-09-22 15:36:22
ES,9000.0,call,7983.0,0.1235,0.016,0.0001,-1.1228,1.6153,2026-12-28,7835.75,50.0,2026-09-22,2026-09-22 15:36:22
ES,9050.0,call,7.0,0.1253999999999999,0.014,0.0001,-1.1175,1.4409,2026-12-28,7835.75,50.0,2026-09-22,2026-09-22 15:36:22
ES,9100.0,call,1452.0,0.1261,0.0116,0.0001,-1.1077,1.2254,2026-12-28,7835.75,50.0,2026-09-22,2026-09-22 15:36:22
ES,9200.0,call,2808.0,0.1277,0.0081,0.0,-1.0942,0.8896,2026-12-28,7835.75,50.0,2026-09-22,2026-09-22 15:36:22
ES,9300.0,call,1525.0,0.1344999999999999,0.0074,0.0,-1.1035,0.8283,2026-12-28,7835.75,50.0,2026-09-22,2026-09-22 15:36:22
ES,9400.0,call,1135.0,0.1384999999999999,0.006,0.0,-1.1038,0.6818,2026-12-28,7835.75,50.0,2026-09-22,2026-09-22 15:36:22
ES,9500.0,call,2637.0,0.1383,0.0038,0.0,-1.0956,0.4613,2026-12-28,7835.75,50.0,2026-09-22,2026-09-22 15:36:22
ES,9600.0,call,580.0,0.1461,0.0039,0.0,-1.1092,0.4692,2026-12-28,7835.75,50.0,2026-09-22,2026-09-22 15:36:22
ES,9700.0,call,12.0,0.1491,0.0031,0.0,-1.1124,0.3782,2026-12-28,7835.75,50.0,2026-09-22,2026-09-22 15:36:22
ES,9800.0,call,708.0,0.1525,0.0025,0.0,-1.1178,0.3141,2026-12-28,7835.75,50.0,2026-09-22,2026-09-22 15:36:22
ES,1000.0,put,727.0,0.0,0.0,0.0,0.0,0.0,2026-12-28,7835.75,50.0,2026-09-22,2026-09-22 15:36:22
ES,1100.0,put,815.0,0.0,0.0,0.0,0.0,0.0,2026-12-28,7835.75,50.0,2026-09-22,2026-09-22 15:36:22
ES,1200.0,put,2548.0,0.9997,0.0,0.0,-0.0038,0.008,2026-12-28,7835.75,50.0,2026-09-22,2026-09-22 15:36:22
ES,1300.0,put,2029.0,0.9571,-0.0001,0.0,-0.0038,0.0083,2026-12-28,7835.75,50.0,2026-09-22,2026-09-22 15:36:22
ES,1400.0,put,173.0,0.9178,-0.0001,0.0,-0.0037,0.0087,2026-12-28,7835.75,50.0,2026-09-22,2026-09-22 15:36:22
ES,1500.0,put,5000.0,0.9221,-0.0001,0.0,-0.007,0.016,2026-12-28,7835.75,50.0,2026-09-22,2026-09-22 15:36:22
ES,1600.0,put,318.0,0.9118,-0.0001,0.0,-0.01,0.0231,2026-12-28,7835.75,50.0,2026-09-22,2026-09-22 15:36:22
ES,1700.0,put,176.0,0.8774,-0.0002,0.0,-0.0099,0.024,2026-12-28,7835.75,50.0,2026-09-22,2026-09-22 15:36:22
ES,1800.0,put,394.0,0.8451000000000001,-0.0002,0.0,-0.0099,0.0249,2026-12-28,7835.75,50.0,2026-09-22,2026-09-22 15:36:22
ES,1900.0,put,699.0,0.8145,-0.0002,0.0,-0.0098,0.0258,2026-12-28,7835.75,50.0,2026-09-22,2026-09-22 15:36:22
ES,2000.0,put,4116.0,0.8022,-0.0002,0.0,-0.0127,0.0337,2026-12-28,7835.75,50.0,2026-09-22,2026-09-22 15:36:22
ES,2100.0,put,497.0,0.7872,-0.0003,0.0,-0.0154,0.0418,2026-12-28,7835.75,50.0,2026-09-22,2026-09-22 15:36:22
ES,2200.0,put,760.0,0.7707999999999999,-0.0003,0.0,-0.018,0.0499,2026-12-28,7835.75,50.0,2026-09-22,2026-09-22 15:36:22
ES,2300.0,put,947.0,0.7537,-0.0004,0.0,-0.0205,0.0583,2026-12-28,7835.75,50.0,2026-09-22,2026-09-22 15:36:22
ES,2400.0,put,541.0,0.7282,-0.0004,0.0,-0.0204,0.0603,2026-12-28,7835.75,50.0,2026-09-22,2026-09-22 15:36:22
ES,2500.0,put,4314.0,0.7115,-0.0005,0.0,-0.0228,0.0692,2026-12-28,7835.75,50.0,2026-09-22,2026-09-22 15:36:22
ES,2600.0,put,4722.0,0.6945999999999999,-0.0005,0.0,-0.0252,0.0783,2026-12-28,7835.75,50.0,2026-09-22,2026-09-22 15:36:22
ES,2700.0,put,798.0,0.6831,-0.0007,0.0,-0.0299,0.0946,2026-12-28,7835.75,50.0,2026-09-22,2026-09-22 15:36:22
ES,2800.0,put,811.0,0.6656,-0.0008,0.0,-0.0321,0.1044,2026-12-28,7835.75,50.0,2026-09-22,2026-09-22 15:36:22
ES,2900.0,put,1049.0,0.6525,-0.0009,0.0,-0.0365,0.1213,2026-12-28,7835.75,50.0,2026-09-22,2026-09-22 15:36:22
ES,3000.0,put,3035.0,0.6312,-0.0009,0.0,-0.0363,0.1251,2026-12-28,7835.75,50.0,2026-09-22,2026-09-22 15:36:22
ES,3100.0,put,588.0,0.6214,-0.0011,0.0,-0.0427,0.1497,2026-12-28,7835.75,50.0,2026-09-22,2026-09-22 15:36:22
ES,3200.0,put,881.0,0.6074,-0.0013,0.0,-0.0468,0.168,2026-12-28,7835.75,50.0,2026-09-22,2026-09-22 15:36:22
ES,3300.0,put,431.0,0.5931000000000001,-0.0014,0.0,-0.0507,0.1869,2026-12-28,7835.75,50.0,2026-09-22,2026-09-22 15:36:22
ES,3400.0,put,1002.0,0.5834,-0.0017,0.0,-0.0586,0.2197,2026-12-28,7835.75,50.0,2026-09-22,2026-09-22 15:36:22
ES,3500.0,put,1943.0,0.5706,-0.0019,0.0,-0.0642,0.2465,2026-12-28,7835.75,50.0,2026-09-22,2026-09-22 15:36:22
ES,3600.0,put,1059.0,0.5556,-0.0021,0.0,-0.0676,0.2675,2026-12-28,7835.75,50.0,2026-09-22,2026-09-22 15:36:22
ES,3650.0,put,686.0,0.5482,-0.0022,0.0,-0.0693,0.2783,2026-12-28,7835.75,50.0,2026-09-22,2026-09-22 15:36:22
ES,3700.0,put,869.0,0.5425,-0.0023,0.0,-0.0729,0.2959,2026-12-28,7835.75,50.0,2026-09-22,2026-09-22 15:36:22
ES,3750.0,put,2023.0,0.5382,-0.0026,0.0,-0.0783,0.3203,2026-12-28,7835.75,50.0,2026-09-22,2026-09-22 15:36:22
ES,3800.0,put,663.0,0.5351,-0.0028,0.0,-0.0854,0.3513,2026-12-28,7835.75,50.0,2026-09-22,2026-09-22 15:36:22
ES,3850.0,put,526.0,0.5232,-0.0028,0.0,-0.0814,0.3436,2026-12-28,7835.75,50.0,2026-09-22,2026-09-22 15:36:22
ES,3900.0,put,547.0,0.5171,-0.0029,0.0,-0.0847,0.3622,2026-12-28,7835.75,50.0,2026-09-22,2026-09-22 15:36:22
ES,3950.0,put,635.0,0.5161,-0.0033,0.0,-0.0951,0.4071,2026-12-28,7835.75,50.0,2026-09-22,2026-09-22 15:36:22
ES,4000.0,put,2079.0,0.5047999999999999,-0.0033,0.0,-0.0912,0.4002,2026-12-28,7835.75,50.0,2026-09-22,2026-09-22 15:36:22
ES,4050.0,put,719.0,0.4974,-0.0034,0.0,-0.0925,0.4131,2026-12-28,7835.75,50.0,2026-09-22,2026-09-22 15:36:22
ES,4100.0,put,910.0,0.4945,-0.0038,0.0,-0.1008,0.4527,2026-12-28,7835.75,50.0,2026-09-22,2026-09-22 15:36:22
ES,4150.0,put,303.0,0.4961,-0.0044,0.0,-0.1173,0.5237,2026-12-28,7835.75,50.0,2026-09-22,2026-09-22 15:36:22
ES,4200.0,put,895.0,0.4836999999999999,-0.0043,0.0,-0.1101,0.5063,2026-12-28,7835.75,50.0,2026-09-22,2026-09-22 15:36:22
ES,4250.0,put,1009.0,0.4771,-0.0045,0.0,-0.1129,0.5273,2026-12-28,7835.75,50.0,2026-09-22,2026-09-22 15:36:22
ES,4300.0,put,805.0,0.4724,-0.0048,0.0,-0.119,0.5615,2026-12-28,7835.75,50.0,2026-09-22,2026-09-22 15:36:22
ES,4350.0,put,332.0,0.4665999999999999,-0.0051,0.0,-0.1233,0.5897,2026-12-28,7835.75,50.0,2026-09-22,2026-09-22 15:36:22
ES,4400.0,put,487.0,0.4607,-0.0053,0.0,-0.1275,0.6183,2026-12-28,7835.75,50.0,2026-09-22,2026-09-22 15:36:22
ES,4450.0,put,1453.0,0.4556,-0.0057,0.0,-0.1332,0.6538,2026-12-28,7835.75,50.0,2026-09-22,2026-09-22 15:36:22
ES,4500.0,put,4442.0,0.4496,-0.006,0.0,-0.1372,0.6834,2026-12-28,7835.75,50.0,2026-09-22,2026-09-22 15:36:22
ES,4550.0,put,934.0,0.4442,-0.0063,0.0,-0.1426,0.7198,2026-12-28,7835.75,50.0,2026-09-22,2026-09-22 15:36:22
ES,4600.0,put,1858.0,0.4401,-0.0068,0.0,-0.1509,0.7694,2026-12-28,7835.75,50.0,2026-09-22,2026-09-22 15:36:22
ES,4650.0,put,932.0,0.4339,-0.0071,0.0,-0.1546,0.8007,2026-12-28,7835.75,50.0,2026-09-22,2026-09-22 15:36:22
ES,4700.0,put,2306.0,0.4282,-0.0075,0.0,-0.1596,0.8388,2026-12-28,7835.75,50.0,2026-09-22,2026-09-22 15:36:22
ES,4750.0,put,1250.0,0.4231,-0.008,0.0,-0.166,0.8838,2026-12-28,7835.75,50.0,2026-09-22,2026-09-22 15:36:22
ES,4800.0,put,1980.0,0.4178,-0.0085,0.0,-0.1722,0.9295,2026-12-28,7835.75,50.0,2026-09-22,2026-09-22 15:36:22
ES,4850.0,put,2356.0,0.4129,-0.009,0.0,-0.1796,0.982,2026-12-28,7835.75,50.0,2026-09-22,2026-09-22 15:36:22
ES,4900.0,put,724.0,0.407,-0.0094,0.0,-0.1841,1.023,2026-12-28,7835.75,50.0,2026-09-22,2026-09-22 15:36:22
ES,4950.0,put,1027.0,0.4019,-0.01,0.0,-0.1912,1.077,2026-12-28,7835.75,50.0,2026-09-22,2026-09-22 15:36:22
ES,5000.0,put,2809.0,0.401,-0.0113,0.0,-0.2113,1.1916,2026-12-28,7835.75,50.0,2026-09-22,2026-09-22 15:36:22
ES,5050.0,put,938.0,0.3906,-0.0111,0.0,-0.2021,1.1753,2026-12-28,7835.75,50.0,2026-09-22,2026-09-22 15:36:22
ES,5100.0,put,845.0,0.3852,-0.0117,0.0,-0.2086,1.232,2026-12-28,7835.75,50.0,2026-09-22,2026-09-22 15:36:22
ES,5150.0,put,373.0,0.3806,-0.0125,0.0,-0.2175,1.3016,2026-12-28,7835.75,50.0,2026-09-22,2026-09-22 15:36:22
ES,5200.0,put,1516.0,0.375,-0.0131,0.0,-0.2236,1.3602,2026-12-28,7835.75,50.0,2026-09-22,2026-09-22 15:36:22
ES,5250.0,put,1148.0,0.3701,-0.0139,0.0,-0.2319,1.4319,2026-12-28,7835.75,50.0,2026-09-22,2026-09-22 15:36:22
ES,5300.0,put,1955.0,0.3644,-0.0146,0.0,-0.2376,1.4927,2026-12-28,7835.75,50.0,2026-09-22,2026-09-22 15:36:22
ES,5350.0,put,2735.0,0.3624,-0.0161,0.0,-0.2574,1.6249,2026-12-28,7835.75,50.0,2026-09-22,2026-09-22 15:36:22
ES,5400.0,put,3763.0,0.3582,-0.0173,0.0,-0.2694,1.7227,2026-12-28,7835.75,50.0,2026-09-22,2026-09-22 15:36:22
ES,5450.0,put,1082.0,0.3486999999999999,-0.0172,0.0,-0.2604,1.7185,2026-12-28,7835.75,50.0,2026-09-22,2026-09-22 15:36:22
ES,5500.0,put,3623.0,0.345,-0.0185,0.0,-0.2743,1.8311,2026-12-28,7835.75,50.0,2026-09-22,2026-09-22 15:36:22
ES,5550.0,put,1127.0,0.3389,-0.0194,0.0,-0.2787,1.8991,2026-12-28,7835.75,50.0,2026-09-22,2026-09-22 15:36:22
ES,5600.0,put,2228.0,0.3338,-0.0205,0.0,-0.2874,1.9917,2026-12-28,7835.75,50.0,2026-09-22,2026-09-22 15:36:22
ES,5650.0,put,1135.0,0.3286,-0.0216,0.0,-0.2957,2.086,2026-12-28,7835.75,50.0,2026-09-22,2026-09-22 15:36:22
ES,5700.0,put,3807.0,0.3277,-0.0242,0.0,-0.3246,2.2925,2026-12-28,7835.75,50.0,2026-09-22,2026-09-22 15:36:22
ES,5750.0,put,1423.0,0.3225,-0.0256,0.0,-0.3339,2.4007,2026-12-28,7835.75,50.0,2026-09-22,2026-09-22 15:36:22
ES,5800.0,put,3793.0,0.314,-0.0259,0.0,-0.3267,2.4244,2026-12-28,7835.75,50.0,2026-09-22,2026-09-22 15:36:22
ES,5850.0,put,654.0,0.3079,-0.027,0.0001,-0.3314,2.5156,2026-12-28,7835.75,50.0,2026-09-22,2026-09-22 15:36:22
ES,5900.0,put,1990.0,0.3041,-0.0291,0.0001,-0.3476,2.6745,2026-12-28,7835.75,50.0,2026-09-22,2026-09-22 15:36:22
ES,5950.0,put,1242.0,0.2979,-0.0304,0.0001,-0.3516,2.7707,2026-12-28,7835.75,50.0,2026-09-22,2026-09-22 15:36:22
ES,6000.0,put,9721.0,0.2927,-0.0321,0.0001,-0.3609,2.9019,2026-12-28,7835.75,50.0,2026-09-22,2026-09-22 15:36:22
ES,6050.0,put,1992.0,0.2897,-0.0349,0.0001,-0.3825,3.1092,2026-12-28,7835.75,50.0,2026-09-22,2026-09-22 15:36:22
ES,6100.0,put,3623.0,0.2843,-0.0371,0.0001,-0.3938,3.2693,2026-12-28,7835.75,50.0,2026-09-22,2026-09-22 15:36:22
ES,6125.0,put,25.0,0.2803,-0.0373,0.0001,-0.3882,3.279,2026-12-28,7835.75,50.0,2026-09-22,2026-09-22 15:36:22
ES,6150.0,put,1462.0,0.2843,-0.0416,0.0001,-0.4325,3.5835,2026-12-28,7835.75,50.0,2026-09-22,2026-09-22 15:36:22
ES,6175.0,put,4.0,0.2755,-0.0397,0.0001,-0.4008,3.4513,2026-12-28,7835.75,50.0,2026-09-22,2026-09-22 15:36:22
ES,6200.0,put,6475.0,0.2742,-0.0415,0.0001,-0.4135,3.5789,2026-12-28,7835.75,50.0,2026-09-22,2026-09-22 15:36:22
ES,6225.0,put,15.0,0.2725,-0.0432,0.0001,-0.4243,3.6963,2026-12-28,7835.75,50.0,2026-09-22,2026-09-22 15:36:22
ES,6250.0,put,2831.0,0.2686,-0.0437,0.0001,-0.4214,3.7355,2026-12-28,7835.75,50.0,2026-09-22,2026-09-22 15:36:22
ES,6275.0,put,84.0,0.2673999999999999,-0.0458,0.0001,-0.435,3.874,2026-12-28,7835.75,50.0,2026-09-22,2026-09-22 15:36:22
ES,6300.0,put,5247.0,0.2647,-0.0471,0.0001,-0.44,3.9643,2026-12-28,7835.75,50.0,2026-09-22,2026-09-22 15:36:22
ES,6325.0,put,35.0,0.2608,-0.0477,0.0001,-0.4369,4.0072,2026-12-28,7835.75,50.0,2026-09-22,2026-09-22 15:36:22
ES,6350.0,put,1112.0,0.2605,-0.0506,0.0001,-0.4574,4.1951,2026-12-28,7835.75,50.0,2026-09-22,2026-09-22 15:36:22
ES,6375.0,put,96.0,0.2566,-0.0513,0.0001,-0.4541,4.2411,2026-12-28,7835.75,50.0,2026-09-22,2026-09-22 15:36:22
ES,6400.0,put,5323.0,0.2527,-0.052,0.0001,-0.4506,4.2881,2026-12-28,7835.75,50.0,2026-09-22,2026-09-22 15:36:22
ES,6425.0,put,11.0,0.2532999999999999,-0.0556,0.0001,-0.4775,4.5237,2026-12-28,7835.75,50.0,2026-09-22,2026-09-22 15:36:22
ES,6450.0,put,3814.0,0.2488,-0.056,0.0001,-0.47,4.5513,2026-12-28,7835.75,50.0,2026-09-22,2026-09-22 15:36:22
ES,6475.0,put,6.0,0.2527,-0.0622,0.0001,-0.5208,4.9367,2026-12-28,7835.75,50.0,2026-09-22,2026-09-22 15:36:22
ES,6500.0,put,12676.0,0.2435,-0.0595,0.0001,-0.4806,4.7715,2026-12-28,7835.75,50.0,2026-09-22,2026-09-22 15:36:22
ES,6525.0,put,4.0,0.2416,-0.0619,0.0001,-0.4909,4.9172,2026-12-28,7835.75,50.0,2026-09-22,2026-09-22 15:36:22
ES,6550.0,put,4091.0,0.2391,-0.0639,0.0001,-0.4973,5.0413,2026-12-28,7835.75,50.0,2026-09-22,2026-09-22 15:36:22
ES,6575.0,put,543.0,0.2398999999999999,-0.0684,0.0001,-0.5274,5.3165,2026-12-28,7835.75,50.0,2026-09-22,2026-09-22 15:36:22
ES,6600.0,put,11780.0,0.2335,-0.0677,0.0001,-0.5056,5.2713,2026-12-28,7835.75,50.0,2026-09-22,2026-09-22 15:36:22
ES,6625.0,put,74.0,0.2354,-0.0734,0.0001,-0.5445,5.6087,2026-12-28,7835.75,50.0,2026-09-22,2026-09-22 15:36:22
ES,6650.0,put,6698.0,0.2312999999999999,-0.0745,0.0002,-0.5393,5.6752,2026-12-28,7835.75,50.0,2026-09-22,2026-09-22 15:36:22
ES,6675.0,put,49.0,0.2314999999999999,-0.0792,0.0002,-0.5662,5.9438,2026-12-28,7835.75,50.0,2026-09-22,2026-09-22 15:36:22
ES,6700.0,put,4438.0,0.2261,-0.0794,0.0002,-0.5511,5.9558,2026-12-28,7835.75,50.0,2026-09-22,2026-09-22 15:36:22
ES,6725.0,put,251.0,0.2232999999999999,-0.0817,0.0002,-0.5548,6.0884,2026-12-28,7835.75,50.0,2026-09-22,2026-09-22 15:36:22
ES,6750.0,put,3014.0,0.22,-0.0838,0.0002,-0.5551,6.2032,2026-12-28,7835.75,50.0,2026-09-22,2026-09-22 15:36:22
ES,6775.0,put,42.0,0.2178,-0.087,0.0002,-0.5643,6.3784,2026-12-28,7835.75,50.0,2026-09-22,2026-09-22 15:36:22
ES,6800.0,put,10748.0,0.2152,-0.0899,0.0002,-0.57,6.5355,2026-12-28,7835.75,50.0,2026-09-22,2026-09-22 15:36:22
ES,6825.0,put,72.0,0.218,-0.098,0.0002,-0.6185,6.9644,2026-12-28,7835.75,50.0,2026-09-22,2026-09-22 15:36:22
ES,6850.0,put,4788.0,0.2109,-0.0969,0.0002,-0.5885,6.9095,2026-12-28,7835.75,50.0,2026-09-22,2026-09-22 15:36:22
ES,6875.0,put,20.0,0.2122,-0.1041,0.0002,-0.626,7.2793,2026-12-28,7835.75,50.0,2026-09-22,2026-09-22 15:36:22
ES,6900.0,put,8229.0,0.2062,-0.1042,0.0002,-0.6045,7.2867,2026-12-28,7835.75,50.0,2026-09-22,2026-09-22 15:36:22
ES,6925.0,put,58.0,0.2123999999999999,-0.1167,0.0002,-0.6817,7.9,2026-12-28,7835.75,50.0,2026-09-22,2026-09-22 15:36:22
ES,6950.0,put,2915.0,0.2086,-0.1195,0.0002,-0.6779,8.0307,2026-12-28,7835.75,50.0,2026-09-22,2026-09-22 15:36:22
ES,6975.0,put,66.0,0.2072,-0.1248,0.0002,-0.6938,8.281,2026-12-28,7835.75,50.0,2026-09-22,2026-09-22 15:36:22
ES,7000.0,put,9910.0,0.1964,-0.1203,0.0003,-0.6314,8.0717,2026-12-28,7835.75,50.0,2026-09-22,2026-09-22 15:36:22
ES,7025.0,put,130.0,0.1986,-0.1299,0.0003,-0.6765,8.5134,2026-12-28,7835.75,50.0,2026-09-22,2026-09-22 15:36:22
ES,7050.0,put,3818.0,0.1967,-0.1353,0.0003,-0.6877,8.7545,2026-12-28,7835.75,50.0,2026-09-22,2026-09-22 15:36:22
ES,7075.0,put,45.0,0.1957999999999999,-0.142,0.0003,-0.7072,9.0475,2026-12-28,7835.75,50.0,2026-09-22,2026-09-22 15:36:22
ES,7100.0,put,6374.0,0.1936,-0.1476,0.0003,-0.7162,9.2852,2026-12-28,7835.75,50.0,2026-09-22,2026-09-22 15:36:22
ES,7125.0,put,33.0,0.1871,-0.1484,0.0003,-0.6885,9.3213,2026-12-28,7835.75,50.0,2026-09-22,2026-09-22 15:36:22
ES,7150.0,put,2934.0,0.1857,-0.1553,0.0003,-0.7027,9.6033,2026-12-28,7835.75,50.0,2026-09-22,2026-09-22 15:36:22
ES,7175.0,put,119.0,0.181,-0.1586,0.0003,-0.6898,9.7374,2026-12-28,7835.75,50.0,2026-09-22,2026-09-22 15:36:22
ES,7200.0,put,7515.0,0.1783,-0.1645,0.0003,-0.6935,9.9729,2026-12-28,7835.75,50.0,2026-09-22,2026-09-22 15:36:22
ES,7225.0,put,121.0,0.1821,-0.1785,0.0004,-0.751,10.5028,2026-12-28,7835.75,50.0,2026-09-22,2026-09-22 15:36:22
ES,7250.0,put,4686.0,0.1742,-0.1787,0.0004,-0.7097,10.5127,2026-12-28,7835.75,50.0,2026-09-22,2026-09-22 15:36:22
ES,7275.0,put,37.0,0.1821,-0.1982,0.0004,-0.8018,11.2026,2026-12-28,7835.75,50.0,2026-09-22,2026-09-22 15:36:22
ES,7300.0,put,11921.0,0.1705999999999999,-0.1951,0.0004,-0.7298,11.0943,2026-12-28,7835.75,50.0,2026-09-22,2026-09-22 15:36:22
ES,7325.0,put,82.0,0.174,-0.2099,0.0004,-0.782,11.5883,2026-12-28,7835.75,50.0,2026-09-22,2026-09-22 15:36:22
ES,7350.0,put,5170.0,0.1694999999999999,-0.2157,0.0004,-0.7681,11.7746,2026-12-28,7835.75,50.0,2026-09-22,2026-09-22 15:36:22
ES,7375.0,put,74.0,0.1699,-0.2277,0.0004,-0.7948,12.1427,2026-12-28,7835.75,50.0,2026-09-22,2026-09-22 15:36:22
ES,7400.0,put,6692.0,0.1616,-0.2299,0.0005,-0.7478,12.2054,2026-12-28,7835.75,50.0,2026-09-22,2026-09-22 15:36:22
ES,7425.0,put,203.0,0.1596,-0.2399,0.0005,-0.7525,12.494,2026-12-28,7835.75,50.0,2026-09-22,2026-09-22 15:36:22
ES,7450.0,put,1576.0,0.1574,-0.2501,0.0005,-0.7551,12.7768,2026-12-28,7835.75,50.0,2026-09-22,2026-09-22 15:36:22
ES,7475.0,put,70.0,0.1583,-0.2643,0.0005,-0.7821,13.1465,2026-12-28,7835.75,50.0,2026-09-22,2026-09-22 15:36:22
ES,7500.0,put,17197.0,0.1538,-0.275,0.0005,-0.7665,13.4007,2026-12-28,7835.75,50.0,2026-09-22,2026-09-22 15:36:22
ES,7525.0,put,373.0,0.1515,-0.2846,0.0006,-0.7632,13.6301,2026-12-28,7835.75,50.0,2026-09-22,2026-09-22 15:36:22
ES,7550.0,put,2294.0,0.1497,-0.2973,0.0006,-0.7651,13.9078,2026-12-28,7835.75,50.0,2026-09-22,2026-09-22 15:36:22
ES,7575.0,put,505.0,0.1537,-0.3159,0.0006,-0.8119,14.2804,2026-12-28,7835.75,50.0,2026-09-22,2026-09-22 15:36:22
ES,7600.0,put,3551.0,0.1456,-0.3237,0.0006,-0.7604,14.4249,2026-12-28,7835.75,50.0,2026-09-22,2026-09-22 15:36:22
ES,7625.0,put,686.0,0.1514,-0.344,0.0006,-0.8178,14.7694,2026-12-28,7835.75,50.0,2026-09-22,2026-09-22 15:36:22
ES,7650.0,put,5413.0,0.1426,-0.3533,0.0006,-0.7594,14.9114,2026-12-28,7835.75,50.0,2026-09-22,2026-09-22 15:36:22
ES,7675.0,put,728.0,0.1408,-0.3686,0.0007,-0.7535,15.125,2026-12-28,7835.75,50.0,2026-09-22,2026-09-22 15:36:22
ES,7700.0,put,13375.0,0.1391,-0.3845,0.0007,-0.7465,15.3203,2026-12-28,7835.75,50.0,2026-09-22,2026-09-22 15:36:22
ES,7725.0,put,198.0,0.1433,-0.4036,0.0007,-0.7831,15.5189,2026-12-28,7835.75,50.0,2026-09-22,2026-09-22 15:36:22
ES,7750.0,put,2159.0,0.1376,-0.4186,0.0007,-0.7405,15.648,2026-12-28,7835.75,50.0,2026-09-22,2026-09-22 15:36:22
ES,7775.0,put,35.0,0.1364,-0.436,0.0007,-0.731,15.7685,2026-12-28,7835.75,50.0,2026-09-22,2026-09-22 15:36:22
ES,7800.0,put,2803.0,0.1324,-0.4535,0.0007,-0.6975,15.8579,2026-12-28,7835.75,50.0,2026-09-22,2026-09-22 15:36:22
ES,7825.0,put,28.0,0.1319,-0.4719,0.0007,-0.6888,15.9183,2026-12-28,7835.75,50.0,2026-09-22,2026-09-22 15:36:22
ES,7850.0,put,1164.0,0.1301999999999999,-0.4907,0.0008,-0.6678,15.9438,2026-12-28,7835.75,50.0,2026-09-22,2026-09-22 15:36:22
ES,7875.0,put,42.0,0.1348,-0.508,0.0007,-0.6944,15.9354,2026-12-28,7835.75,50.0,2026-09-22,2026-09-22 15:36:22
ES,7900.0,put,2085.0,0.1272,-0.5294,0.0008,-0.6206,15.8825,2026-12-28,7835.75,50.0,2026-09-22,2026-09-22 15:36:22
ES,7925.0,put,74.0,0.1328,-0.5449,0.0007,-0.6513,15.8147,2026-12-28,7835.75,50.0,2026-09-22,2026-09-22 15:36:22
ES,7950.0,put,531.0,0.1233,-0.5701,0.0008,-0.554,15.6518,2026-12-28,7835.75,50.0,2026-09-22,2026-09-22 15:36:22
ES,7975.0,put,33.0,0.1242,-0.5883,0.0008,-0.5406,15.493,2026-12-28,7835.75,50.0,2026-09-22,2026-09-22 15:36:22
ES,8000.0,put,5537.0,0.1222,-0.6091,0.0008,-0.4998,15.2685,2026-12-28,7835.75,50.0,2026-09-22,2026-09-22 15:36:22
ES,8025.0,put,89.0,0.1195,-0.6311,0.0008,-0.4494,14.9811,2026-12-28,7835.75,50.0,2026-09-22,2026-09-22 15:36:22
ES,8050.0,put,1181.0,0.1221,-0.6459,0.0007,-0.4452,14.7573,2026-12-28,7835.75,50.0,2026-09-22,2026-09-22 15:36:22
ES,8075.0,put,70.0,0.1186999999999999,-0.6689,0.0007,-0.3823,14.3623,2026-12-28,7835.75,50.0,2026-09-22,2026-09-22 15:36:22
ES,8100.0,put,894.0,0.1184,-0.6872,0.0007,-0.3458,14.0049,2026-12-28,7835.75,50.0,2026-09-22,2026-09-22 15:36:22
ES,8125.0,put,79.0,0.1188,-0.7038,0.0007,-0.3152,13.6491,2026-12-28,7835.75,50.0,2026-09-22,2026-09-22 15:36:22
ES,8150.0,put,530.0,0.1186,-0.7209,0.0007,-0.2762,13.2455,2026-12-28,7835.75,50.0,2026-09-22,2026-09-22 15:36:22
ES,8175.0,put,30.0,0.118,-0.7381,0.0007,-0.2324,12.8027,2026-12-28,7835.75,50.0,2026-09-22,2026-09-22 15:36:22
ES,8200.0,put,125.0,0.1175,-0.7548,0.0006,-0.1876,12.3396,2026-12-28,7835.75,50.0,2026-09-22,2026-09-22 15:36:22
ES,8225.0,put,12.0,0.1171,-0.7707,0.0006,-0.1423,11.8614,2026-12-28,7835.75,50.0,2026-09-22,2026-09-22 15:36:22
ES,8250.0,put,25.0,0.1168,-0.7859,0.0006,-0.097,11.374,2026-12-28,7835.75,50.0,2026-09-22,2026-09-22 15:36:22
ES,8275.0,put,11.0,0.1175,-0.7982,0.0006,-0.063,10.9533,2026-12-28,7835.75,50.0,2026-09-22,2026-09-22 15:36:22
ES,8300.0,put,27.0,0.1141,-0.8188,0.0005,0.0196,10.198,2026-12-28,7835.75,50.0,2026-09-22,2026-09-22 15:36:22
ES,8350.0,put,3.0,0.1193999999999999,-0.8319,0.0005,0.0426,9.6854,2026-12-28,7835.75,50.0,2026-09-22,2026-09-22 15:36:22
ES,8400.0,put,4.0,0.1201,-0.8525,0.0004,0.1186,8.8196,2026-12-28,7835.75,50.0,2026-09-22,2026-09-22 15:36:22
ES,8450.0,put,1.0,0.1211,-0.8704,0.0004,0.1908,8.0012,2026-12-28,7835.75,50.0,2026-09-22,2026-09-22 15:36:22
ES,8500.0,put,396.0,0.1227999999999999,-0.8848,0.0004,0.2518,7.2951,2026-12-28,7835.75,50.0,2026-09-22,2026-09-22 15:36:22
ES,8600.0,put,6.0,0.1278,-0.9057,0.0003,0.346,6.1867,2026-12-28,7835.75,50.0,2026-09-22,2026-09-22 15:36:22
ES,8700.0,put,9.0,0.1348,-0.9188,0.0002,0.408,5.4348,2026-12-28,7835.75,50.0,2026-09-22,2026-09-22 15:36:22
ES,8800.0,put,11.0,0.1442,-0.9258,0.0002,0.4369,5.0137,2026-12-28,7835.75,50.0,2026-09-22,2026-09-22 15:36:22
